wallet,late_signal_score,total_profit_pnl,realized_profit_7d,realized_profit_30d,winrate,sol_balance,buy_7d,sell_7d,buy_30d,sell_30d,avg_holding_period_seconds,tags
EDXHdSFdadFbYFFjxPXBqMe1kCEDFqpPu552uvp48HR8,362.969824860043,0.016121962734852727,10620.560147788141,40839.43375412514,,94.033041496,3104,1780,10405,6305,,"['axiom', 'gmgn']"
J9kq1ZG94X4ujaWeodSLK8Cv5fjQRAU27zeT5SiC74cP,337.201973626177,0.05070927699477797,-46.226967763450126,4003.230391438357,,7.346604511,51,24,340,171,,[]
ArhaoyHT6D7PsumcAN7uPNg5cocAyEjhufs5uHnJvyuS,218.82926858397298,0.33838812957172015,-166.20229891866546,7113.163538886339,,0.31449011,139,50,179,91,,[]
5qWge4zUyQenk53EhAAQ5yP4LWxuvdqJpRBZZbGd4tv9,205.549220233771,0.006666579629164636,-16513.27620994585,20192.574852805697,,0.05139642,358,251,709,595,,['kol']
GKAyb1Jox3qzjn3EHed83x9fZM8QcVZ2gV6aYCgr7PNs,202.025021976,0.0603706813476669,-583.5702569868362,2882.609731454061,,0,11,9,146,96,,[]
5ih6q7x839yQR18UvgsyB7n23i4he4wyEzsD3TSu6tr3,182.7670892301,0.15939218235140004,11051.858393767103,10791.004888727966,,4.650701471,357,464,364,469,,[]
HX8jXnkcQW3KaEtQHeXmwZKfZbUtbN8JUaydG5jscw5V,144.643741415546,0.20113958080228034,3073.172300309044,27744.204676527126,,0.040392966,193,119,571,415,,[]
4GjtX5WVWj7qYZnbWLxs2KbECc1HkjMuCenoQKhv9cod,133.537549810646,0.08410164677144305,943.83047036583,2383.9476028845265,,5.579417468,132,141,365,382,,[]
H34MBxvixhy2gK8VqkSoQz8bdhhQU3yVQoa7YALYN2Qj,108.356731213781,0.04974343626310268,287.2615764300553,6467.78390259967,,0.013268514,232,243,1103,1140,,[]
FEDd9XS1emSFcZvfzhMQCGXa4E7WGZGxex4kgBCp8hMT,105.17285868560501,0.20390574539526335,-272.90857745520736,2585.1089601916137,,0.803784574,7,9,67,71,,"['axiom', 'photon']"
64MgDhEQzeoDrRSQ517LaamAFEWvrcxUTQrSXbEZS77L,104.565308573138,,0,0,,0.000890949,0,0,0,0,,[]
3K9qBVKVuafg65YFtnAaTgcL86bnnoi96tugNSzgizXB,99.20335968688399,0.2836237689802227,-59.31756469176,1118.35419793066,,1.031348972,2,3,13,15,,"['axiom', 'photon']"
7obWefa4XK7KPZuLKia3zLHjGBkXwuMSRdaGNtZCcbyx,93.27306779190299,0.17693256815448102,11824.36353335875,20187.386092177643,,1.319117161,130,87,346,258,,"['axiom', 'photon']"
Gmh3Wt423pU6GsS3FQyZjknifnAFW7g3J8HhbF2TrbZL,92.95500400188699,0.26212932337352823,8371.307212975073,14294.410373478926,,7.631627664,169,84,485,253,,"['axiom', 'photon']"
BpkUrCNKAiiSx9m5jnUCTEQsqPnftGVwzNA6tP4YQU97,88.152238269974,0.706830444630147,17393.89603017331,22366.245635546118,,2.373850646,119,77,311,210,,['axiom']
9GBsoKrngqmLcqf6ELncpEjVxAgGoaseuDBhVZrmtJer,85.660674063136,0.022609607537910657,7911.526097220144,6022.349395949935,,100.454633687,589,716,1840,1790,,[]
Dwgo19EJxs5GeJ5DQQ31ZmTnuF4HiWsiPNA3u86Mwcyo,84.02200069423301,-0.003514728669253006,-1124.8850405359472,-260.36460723465177,,4.237688242,450,378,1940,1773,,"['axiom', 'trojan']"
7fnq9wNj5WoMxasNcWNWS88peQjdWb1m5k8qS7grxGt2,80.99412341080199,0.13698356556755623,3140.9984467344348,9854.838128622956,,25.880107908,84,113,542,800,,['axiom']
8TuBoZZKRq3f97zpwVJnJK8Xg6fS3trDVoCTddcV49xC,77.734686740464,0.08129257703458309,1748.2341516739468,1748.2341516739468,,0.230587272,137,124,137,124,,[]
2yavzzNeqWjtUBXYR7Fx8RhdbWNHDfRcRhx6VuexLFjT,77.61400759626099,0.9053001431039193,13205.547741206805,35400.42060174659,,38.17317597,102,107,286,277,,[]
GWKMKpYoNfpFQbLuCgpRr24YXmyf35peSCNLzV6BKoLx,77.02621970983199,0.1898530643659787,837.2849082623634,9894.299941895828,,12.122986351,118,117,511,553,,"['fresh_wallet', 'gmgn']"
5xVpr2eKDMPE5KxqmwnRguMGZn6wYNsVUP7v5Nsn9bGo,75.569619692371,0.14691944516320576,15784.072585157135,40122.004248493344,,263.10727124,137,414,453,1007,,['axiom']
2dqe7VxbsajyPU1nVAJhgQYC2yGGEZLJJwW2yeNCq9rt,67.904899679135,0.024938553374368153,3816.2819628741045,5267.709566093212,,107.313577424,571,636,1434,1370,,[]
FZU56d9iPqohXM5XBrYYBZLi2UoUnZT4V5Qf2631tEzb,67.13987463544001,0.0500779983827968,-298.5481328193963,-297.80886363063377,,31.914207566,5,5,11,23,,"['axiom', 'bullx']"
9G7Vq23iCSq2GmY94exbpzckbS4UDSPt3nTn98b72bxM,66.909526352655,0.1270353643792032,2122.783870652998,8773.694970291554,,48.627259996,92,138,545,832,,[]
5Qn8BSBuyopW4KLiwaauwotHbCViVuxLiZ6dRU6XJTm4,65.484603311619,0.17746527639902013,5405.00410714333,9264.227000996749,,0.819048298,64,66,245,238,,[]
7g1wYkndRzyGrjRjfHBPiENQCYhTJUJ7cwyDSxbE2sg6,65.13568963549899,0.19364870440197854,8719.504396240713,18853.13972158289,,17.162959829,99,60,268,168,,[]
BArssVeh2wfRuLtH3LEZtdWnroS5dRuJNno9FMUCZtCK,64.978834899147,0.11835290154919839,301.8219083169161,301.8219083169161,,0.055361616,25,20,25,20,,[]
CXa2FT9Kc1n8aLZZq296XfcJXdh3yDVDNnsftKcXdDxo,64.498513993787,0.07851186334437997,181.95727192312515,3645.9973698391013,,36.983022123,278,242,1615,1295,,[]
FT7zD6eqHfq5AN7L1m1Yxa5PZp4UJYR9KKwTJCpC3hgE,64.38796594368401,0.03117929498717802,173.44083626961,2738.278473500219,,30.354280884,273,230,1527,1244,,[]
3NhNKXi1r4W6HCwbyNDY5WFHcgsboUbLjB13byb9gG2F,60.593410314287,-0.10902835767079135,-8.960826432473711,2532.1236289657663,,4.998031923,25,29,34,60,,[]
2ce9tZ9h6oeuMpgNbGejRTCP7J7xGPkoRY3rLPvHPb9b,60.500505678724004,0.031572241490088554,9416.040443388625,27290.220174316888,,94.009011664,643,762,2806,2783,,['axiom']
5impjPp4Aj5Emr8LyrqZEGY7uNW9pMpBnfG5CaqvJrSe,58.264999917757,0.025606475106454796,-745.3831277341416,800.3826684574178,,2.785408677,222,280,953,1366,,['axiom']
BdebBN3V55KzpWX7TTdPdYVzca132Z4UavWJFi1BaLsc,56.991702198542,0.018676972464055346,-691.9521275570289,483.7490205000277,,5.307264373,223,275,957,1363,,['axiom']
36EHKsf4ceNaPo2kjWp5GXVncVGgS4nwmbkfVrJCFpUs,56.64081000427699,0.12439908875311884,6752.390278630213,18844.991311669226,,2.388258678,55,70,166,238,,['axiom']
3tgpbmw99da6WFPfPh7uRPMLpEhSjuj8JMRXrPD2wiYA,53.985740794453996,0.28547289116431707,27028.457689271734,53892.26959751788,,553.775422845,470,502,1593,1738,,['axiom']
9iFgPXwrU6GToh3VW9TN1QG7QecYhJJXb4RLSHzpEoLb,53.611101880905,0.07816762092965604,12531.667022595178,26895.93681701963,,55.381733115,42,79,144,345,,['axiom']
68LXVGnBQny6T2LaizJdp1hybKShdGZnZwnsjxbLZFAF,51.911329158723,-0.1458726698551284,-83.9685136063664,-221.65634452705442,,0,41,44,96,95,,[]
FHgfsbUcqdd9iXY75yN2KErCnVsxNYwo486nYzFuTVc8,49.036036371006,0.34079138963099465,43041.78810031244,70527.24288983089,,837.92298233,469,521,1590,1753,,['axiom']
6dtUFfjQfQ35tkwGRMs3NFsF9sYn3mRV4UtGaC4uBh8J,47.912247391117006,0.37526612873961834,38525.952152658996,74046.89929694534,,729.929043829,466,499,1588,1706,,['axiom']
F5CymCUo7E2MQGxfYFxBSTk6PaBbQyqMporpPdu6iWF9,47.394261634244,0.2788057493524359,17076.833808610605,63298.34730156608,,709.476285602,478,489,1610,1673,,['axiom']
BpNNbWWjw7JmUhvHedXxg5T3Bw4NbgpFmkUm7ZqUPj2F,47.247258674882,-0.02822784715781971,842.6137238563548,794.8719966361556,,0.740653617,15,7,16,10,,[]
3VjkDRH1M9mZ9gNfHWzTmSvydJ6CwXamsN74rndZrrpk,45.388183029679006,0.3222517216598115,30428.497143870958,66076.3559080814,,647.330687075,467,508,1589,1689,,['axiom']
9H8xpLFE9p7kHDJG3S2JLqigy1VuvuohgFfECnVJtUBj,45.013531893913004,0.30517114555272096,29792.35363458265,64126.65148299723,,668.616769548,471,498,1589,1699,,['axiom']
728xaj3SmLWNoL2R4icM7ArJ9oVhpEpJMRCW5CrdWpq6,44.198086707932,0.041846214940362086,507.84661685614833,1934.269928295933,,10.309553282,98,113,235,239,,[]
FN5bhcBfv7sCtBMPHabu9H7JH8MwdbqfEdPieGMAJ25N,42.155431039761,0.28596064037232,1522.9920470690445,5583.2990552006795,,46.593994217,44,40,96,107,,['axiom']
Bzzy8fSPnhWNMb8Rc3SkJGWoDMf9rs934bDRMRZPmCYT,42.018593076418,0.24217913053505463,13019.558107571396,67028.53992181162,,599.75002412,185,304,911,1475,,['axiom']
FqNugk9kgbdAYPLKyLLLNUcJnWydEvjh2ejgM4Agwu2P,40.077138960403005,-0.018938083125747098,1509.3276481232078,236.19692687607832,,0.000987879,195,157,972,637,,['axiom']
7hxqezTccJ1s3sGegeYLCemdAEaCjemffuUVgy9UCtSt,38.785965145339,0.4923270489890865,381.6710893902057,6610.738087421405,,8.20245794,43,43,161,163,,[]
Cip99wg8DAMCRkk4eXLkv1jxmagwQ6Tuj8w1JGDQdY6y,38.477201793804,0.20368261392318776,3870.927970288617,12299.006428743447,,100.634981087,83,101,194,286,,['axiom']
4UVJe7qxmUDwPaZP1ZqUNDYLnBxUoDGcPnmg6cbV6SxD,38.289760988585,0.0204488010331586,-326.7527913729252,2015.020906076919,,1.468140203,116,102,763,726,,[]
E4hbN7Ma1AtPc6sJjMim6qhxZWg7v1cE7XrBHkEMLVTu,38.257569108042,0.2369221345781776,-1019.398621968008,3531.832747659825,,44.159439743,80,70,109,95,,[]
5y6PwWGj8q94Ype3gib19ss3orJC4TuZ6B3NQo1F3JVD,38.215880052664,-0.027228066500488157,-781.3437421518488,-5990.497702733517,,0.000890883,6007,1429,17986,4497,,"['axiom', 'photon']"
6nsycacKxE3gmYYZuZ4rUfjXQADeyBCKt9DSXTFwnj1g,37.97178873433399,-0.011680330660802594,165.437485263703,-729.8935403981462,,1.126444998,112,102,525,491,,[]
A7u4DcXyhYy99882bRK6aVjNs3gTdoXCBS1xhECzzbrT,37.848426103214,0.04570999176257369,-460.28144273755987,3175.446292459804,,1.414293047,11,12,848,944,,['axiom']
G7kRVG7v9kuruV6MbyTdV43TAuToz94DrptBdkM6WAGw,37.801548746267,0.04549030405160676,-778.5644999897368,3443.069893762949,,3.077282219,16,13,856,945,,['axiom']
CjJbxJ4XDQPiYqdMkubzw6qUyE5YZgh2yXHkek8f6mye,37.75590507071,0.049082214055730905,-682.0512773962957,3421.999358848399,,7.698448685,14,12,856,947,,['axiom']
AW5VwhMn7Woh35WuDEhQnMarx3bjh1rGKdWz38cJChvU,37.711452163584,0.061037613227169676,-570.7073779823921,3761.324820402426,,1.774740767,13,12,851,946,,['axiom']
8qnkLc19spbCaJ9ys72dvf1nesW4FC4CDe4bxRdwWKbD,37.668148961726004,0.05264571844141494,-623.2207858907302,2731.9992192785476,,1.895324217,13,12,844,943,,['axiom']
CXNC1TTiF7Z3o1pFr9yH1spZLeWygQ5gPXgCt7Rz6trb,36.995271014618,0.36028942531755326,2601.57725763204,6855.906377058464,,36.192380232,43,76,128,216,,"['axiom', 'photon']"
81ZyHtiuR2JgDSUPGYGpobHJVA4rsGg89FRXnkwiep3a,35.42907347236,0.057768862524039497,-691.34147290608,146.63395439813,,0.012108934,85,53,136,91,,"['axiom', 'trojan']"
EjB88hkbqmK5GFf4As3EiEBruhgALfhVNsyCXJ9Y6ce6,35.410397535471,0.00240662269094541,2453.3518629510036,3717.4658579828056,,62.01810248,292,244,957,809,,['trojan']
4Bob4Q7LZkteqc4L6qkkQzPJRuG8wSNt1p5zX6QMbMtd,35.366296256121,0.28801345755389246,407.24480917452,1170.21013062791,,19.090043019,5,5,14,14,,['axiom']
3FJQV36mQgnqUPaTdTp5XFyyBom9GtKxEfboyCBBTZtp,35.328360685332996,0.031764573757007204,-113.87730204007723,1354.1393624583743,,0.00971952,155,151,293,276,,[]
3btPDp9Yqt7YV7k9VHCRibTSH85hGHbxu53yn2YVwZ24,35.177157384852,0.005491829567851544,340.7923524122406,419.4296193454106,,0.193843565,57,54,87,82,,['axiom']
2UNRAQb9wkwtvATPyq1FoGB2eVJUkVehT3ZKXLeC2ZRT,35.088110944014,0.14442390468711197,1485.4392542621224,2734.5138409911324,,0.558015228,44,103,251,399,,[]
2fBi1cfPyibADnfXTurhzCsMCMgHYxSmgnJxQyU967we,30.237051084856997,-0.11336168793531379,-1450.0611226338226,-1836.2969519314713,,0.008326215,78,74,123,118,,[]
BcvREHTGTopCteZq3MNVi7EGj1THLuJfuMPomLCcJ8cL,30.192404387197,0.005165165845301932,-11.61561114894599,77.63080726820401,,0,32,31,234,233,,[]
HumYE4FEwCYNVkkjTLH4Tk4gv953YJVcvfvZqAPrFdik,29.013129948819,0.00931839707287415,-1090.4862665191824,779.1128208261136,,30.707759934,1139,460,1187,487,,[]
8romDdXEXD7A6ytTNiLz2FkRgnrCizjzeVvTTRCLmc7z,27.611575583689,0.026277897041594493,101.3915282296873,420.7623503055298,,0.16276142,199,115,541,348,,[]
68giYYFtSsY32jBEqUJUYymya1HRXLmwGRBtLQczYiW6,27.113181306283998,0.10881687536259237,292.94992894713147,1637.8242363269346,,0,147,145,244,267,,[]
EUWRQrbGgJErH3mjALztDQRMYW2RQtF7ppm9j3zkQkZQ,23.499807645561,0.0031643005532129864,52.932857693826605,-309.78667761381337,,0.044550464,62,24,500,257,,['axiom']
38j86KhG3rtz3ikg5QxjD8JPMZawDsVZ8xrQcCCT29DB,18.683252720174,0.39917380404216485,4140.75822696471,16306.059833502728,,148.418682417,46,51,425,392,,['axiom']
A1L1grNEjr5SwaMLYzHYS2W9n3EYrAkDniRxW7u4tkie,14.076652007884,-0.11799295543521314,27.613559200050155,293.66909517969646,,0.012239072,39,18,227,119,,[]
23G1buokqVM7rVXCCBRF1FTjgEmcaLnUdrp23X6JaegH,12.78125591501,0.1090779646882036,3353.299243662368,2978.4844886309015,,0,252,209,458,360,,[]
EjBbmMbCjNoaKiLKh7K7XiLBGWbEta5tfyAiPrXuK4cf,12.761330295813,0.09185867988512053,-137.32505682380202,743.087981638768,,0.050228128,91,85,99,107,,[]
FvqQjdngJj7SBsDKWNmYXz54o4ip36ShNhr4N7fMcsXG,12.70952590304,0.04543668091744409,-313.6357995603027,-372.50786522626646,,0.00600127,46,47,132,113,,[]
4Ev5acvKT64Fnww9JKM1cEa4mhzQQa9toPQGEyxh2hMs,12.660798265696998,-0.06972954108307211,-257.2695271866521,4768.251063831226,,4.101361445,557,340,1542,934,,['axiom']
FuPEQDqRgu7NFwGYvAkFKapnJK16snkFuY822hMM58z2,12.489970413841,-0.022244658061584183,-167.03870230411,-390.06822272071,,0.045356561,289,151,743,349,,[]
ANnDgPhr1e9p3ZkGLPMh5N5rvKMdqUwXtabM3LaM9XXA,12.423189344548,-0.1773438496760004,-438.3823410885705,-2581.1456517537104,,0.008036205,362,64,1144,226,,['axiom']
