wallet,token_account,rank,addr_type,exchange,current_balance,current_supply_pct,current_usd_value,start_holding_ts,start_holding_utc,start_minutes_before_migration,holder_timing_class,is_on_curve,is_new,is_suspicious,transfer_in,buy_volume_cur,buy_amount_cur,sell_volume_cur,sell_amount_cur,buy_tx_count_cur,sell_tx_count_cur,history_bought_cost,history_sold_income,profit,profit_change,realized_profit,unrealized_profit,avg_cost,avg_sold,native_funder,native_funding_amount,native_funding_ts,native_funding_utc,native_funding_tx,token_transfer_type,tags,maker_token_tags,gmgn_name,gmgn_twitter_username,wallet_created_ts,wallet_created_utc
58osDYARtvC5xy6GakQaBm16kDA4XwFyH4UfvtrjMvxj,5txU6v4at3Yh8PUTpRazuBkC4uMDsUfA1LNDXq2PVuSq,TOP1,2,pump_amm,175402941.185278,18.10803772504183,23880.756128434405,1787265471,2026-08-20T22:37:51+00:00,0.0,final-ten-minutes,False,False,False,False,0,0,0,0,0,0,0,0,0,,0,0,,,,,0,,,,,top_holder,,,0,
H7JuzjJT3H1hkRBhPbWgc7o83fKdFbEtmcLJpJdFFBwm,5FuPZcp3eUGdKZqmCPcqejFsFoYegKET4kTnNzUJ4qUg,TOP2,0,,29697513.977223,3.0658762037032874,4043.2565390206773,1787655806,2026-08-25T11:03:26+00:00,-6505.583,post-migration,True,True,False,False,4207.11042523688,29697513.977223,0,0,26,0,4207.11042523688,0,-183.41161042230306,-0.04339389891455622,0,-183.41161042230306,0.00014166540769923005,,Ck18dzsQNDqAQk5CjEPNvd825sRvjD4cmWf7UqGQ1nMH,2.613622254,1787659724,2026-08-25T12:08:44+00:00,2vjp4UeUp4tZ6Qy21uRacEcEmrfQj2sa7LH54BunuXFoDREnaqcib4uK3j4R8AyuwaYARon66vcnUNSqTEtVMu8d,buy,"fomo,fresh_wallet",top_holder,,,1787659724,2026-08-25T12:08:44+00:00
5qWge4zUyQenk53EhAAQ5yP4LWxuvdqJpRBZZbGd4tv9,BvoYwBPTtafZMXSDnVPCo2XYQf4BMY2hqw2f9tugxReh,TOP3,0,,23692762.188504,2.4459648659294233,3225.7217125851985,1787753495,2026-08-26T14:11:35+00:00,-8133.733,post-migration,True,False,False,False,37734.45665904106,151098598.313598,60704.45430804665,127404693.055763,118,81,37734.45665904106,60704.45430804665,25824.915785421814,0.6777184512672696,26227.191375083312,-402.27558966149945,0.00024973399541883886,0.0004764695306905003,Fw5W9wUBcS1XT8pQWk4FWnmxS3skLgXcvCoWR5m1tHe6,0.5,1761188088,2025-10-23T02:54:48+00:00,5TcmTgaJ958eMbkqr9i4AcwEQ25YSoV5pqurXqJhzQ6u7EnFFi6novQBAt7Cw3wfRoxVK1qvRLbs9k3zHLrwBdMZ,buy,"fomo,kol","bundler,top_holder",Mystayor 兽 💹🧲,mystayor,1761188112,2025-10-23T02:55:12+00:00
EEU3kw4D5WLJsUVWCDyVc9dreYRTBoyWtwjUFL8A1Csi,F5vBsAaSmsCW9iZodQ3NZ1K1hHQpH7MipdApk2JVmNp,TOP4,0,,22461409.09151,2.3188439169730333,3058.075475762722,1787268865,2026-08-20T23:34:25+00:00,-56.567,post-migration,True,False,False,False,53676.78892612901,43702353.831008,773.81918674775,6061583.912266,48,2,53676.78892612901,773.81918674775,-46609.02637420119,-0.8666027173921207,-22151.54052329696,-24457.485850904224,0.001228235649129816,0.00012765956851341738,,,0,,,buy,"fomo,fresh_wallet","bundler,top_holder",,,0,
215nhcAHjQQGgwpQSJQ7zR26etbjjtVdW74NLzwEgQjP,AYM3zQKW1PPZaR76eFsYtDv58Ga2zCHTmy3XJ5dNWy6G,TOP5,0,,21580061.049437,2.2278563686063744,2938.081720157528,1787716278,2026-08-26T03:51:18+00:00,-7513.45,post-migration,True,False,False,False,22980.24121926488,39278951.112666,5615.60021640743,17698890.063229,35,2,22980.24121926488,5615.60021640743,-14787.233285548622,-0.6335327104713934,-14729.96953583926,-57.2637497093624,0.0005850523134731723,0.00031728544537797506,DoAsxPQgiyAxyaJNvpAAUb2ups6rbJRdYrCPyWxwRxBb,75,1746586150,2025-05-07T02:49:10+00:00,2S2wQH5wuwhkyVDfYin37RTiQ4WaoEyPQ9YiARC5n6DAJkw1kBir8XpegnxhmSQ8Fd7BDZG6J3He85yNBkwT3b4Z,buy,"axiom,gmgn,kol,padre,photon","bundler,top_holder",OGAntD,0GAntD,1710871711,2024-03-19T18:08:31+00:00
6451zSoUiy4GZeq2vEUHb73LcDJ8eeCHXEaGSqL8K6Fj,4azQ1BuMHxNZFj3tS4DCwKkiQoggzdZtiWrhBFPk7RKK,TOP6,0,,20479862.207309,2.114275364755036,2788.2918702034617,1787777778,2026-08-26T20:56:18+00:00,-8538.45,post-migration,True,False,False,False,2327.45440710489,20479862.207309,0,0,8,0,2327.45440710489,0,458.32287198895165,0.19670771256620637,0,458.32287198895165,0.00011364599935024228,,CeZbzsqje88U7GCCrAiGUr5BrZrBJ3AkQMyG9aggDiqQ,1,1785980090,2026-08-06T01:34:50+00:00,3FkRRMBvk9bzyvh2AxpMKAMS6LftkGwfVkxHCG46EM5vVg5oDxxZ9Q6RoBUX7Sqa2tm7ha84DJvf5LpjdYT24tV3,buy,fomo,top_holder,,,1785980090,2026-08-06T01:34:50+00:00
Cfw9jAG3e7swr4TJot1pUo4FWaAaY4izyeHcL1rtZLin,H4Ew5pYfRg4ZATugYjSaoEVKr7nDQbTAg8ddodNby9fJ,TOP7,0,,20002785.587352,2.0650235028789483,2723.3388520910885,1787779407,2026-08-26T21:23:27+00:00,-8565.6,post-migration,True,False,False,False,2496.0013735341,20002785.587352,0,0,3,0,2496.0013735341,0,226.27011735704855,0.09061429275439963,0,226.27011735704855,0.00012478268902269048,,5tzFkiKscXHK5ZXCGbXZxdw7gTjjD1mBwuoFbhUvuAi9,3.061953,1781646745,2026-06-16T21:52:25+00:00,3eQY3Ma3KkANJPEGFbwygTYAeXxqaxg3o9RK2wsEhR5tDBnANyEPTDA1N2WKiJgGC7SCiadqwh9PhMx8pCmnfJvg,buy,,top_holder,,,1781646745,2026-06-16T21:52:25+00:00
ArhaoyHT6D7PsumcAN7uPNg5cocAyEjhufs5uHnJvyuS,4VgtwTWAXRpPDrSRi4XXoEQwTtjd4f6YYLJE8VMf75JF,TOP8,0,,19551338.013554,2.0184175016228023,2661.8751768425896,1787265393,2026-08-20T22:36:33+00:00,1.3,final-ten-minutes,True,False,False,False,4380.57262157655,30057117.093541,8109.40024566863,7709545.96215,49,23,4380.57262157655,8109.40024566863,6886.688939848636,1.5612583019814135,7813.173615594882,-926.4846757462456,0.0001457416094811666,0.0010518648290679781,C7yjbE4mXGETVbU4juNt4whVD8joyvbLPnkQqrD13CpX,0.05,1786255991,2026-08-09T06:13:11+00:00,5M5uRLiC86YgU5jZZq46gvr49MMUfKkNoicWmVN8K53jQJDPoqwrdhzE7JPbRKZFULAcPKZp7nBeWrhNnYy9eGLJ,buy,fomo,"bundler,top_holder",,,1786255991,2026-08-09T06:13:11+00:00
EY5onbNPokohQMZFnm2qoFAg1wme394Tvzbg2uZyEykq,AEHoK39dPAJkDaS68HdRJ3hfxH1fw6V13eUyaWqXDRB3,TOP9,0,,18743015.359988,1.9349688604206126,2551.823680371339,1787280639,2026-08-21T02:50:39+00:00,-252.8,post-migration,True,False,False,False,8939.0816157104,18763070.862886,56.55153189656,20055.502898,60,1,8939.0816157104,56.55153189656,-6380.720227490424,-0.7098289555664095,5.73774552427,-6386.457973014694,0.00047641890184363215,0.0028197513761771343,GcmXqJWgUwY29AAdZ8kVBSNcX23QsXP8CwAtFvXxv3oR,0.134363,1787245173,2026-08-20T16:59:33+00:00,3aP23PVYKnNrnkTKK7rC9FPF7GPG36P41xo1UGn3pRARc3WzAk8C34TjToYKHEWAswzMKD3bYbT9ErdyQsJ4xtZp,buy,"fomo,fresh_wallet",top_holder,,,1787245173,2026-08-20T16:59:33+00:00
DMXdayb4p3i6feB5BkAhsLQUHyZUuxKDQP7LVfnaVzEH,HNMx8JWGMJVJGM6VaTrfwbEmLLXAaFwvvEVQqWiSpfjW,TOP10,0,,17771683.004977,1.8346916198610386,2419.5787423279485,1787716836,2026-08-26T04:00:36+00:00,-7522.75,post-migration,True,False,False,False,2742.78956561077,17771683.004977,0,0,4,0,2742.78956561077,0,-324.5386340497266,-0.11826703800772849,0,-324.5386340497266,0.00015433482382296856,,EMXJqHznGSnSzeMyigBGQNEFw4EeaNDbj1UwaFTpp3sg,44.80039,1775169528,2026-04-02T22:38:48+00:00,533sMqWGHAvfpYr7czuNSz8iZmKCnBCrwwoQnFrokp7qRqqtw8KkuC7sCkxo5vGYZfUAbYgMJ5XKdpg1cUxVvevo,buy,,top_holder,,,1775169528,2026-04-02T22:38:48+00:00
BGesmTcpHBG9QRHAeF4Sbph3pba3SSNHvV4ofKqVdbnM,GSwsyToD4MT1DprFPrkVWvjGnEiMJE1R9CiKVjqGp4zP,TOP11,0,,15704091.881042,1.6212401359852426,2138.0803873382683,1787447362,2026-08-23T01:09:22+00:00,-3031.517,post-migration,True,False,False,False,11706.1334339684,37594311.988795,7193.45765535679,21890220.107753,120,24,11706.1334339684,7193.45765535679,-2383.8560861313917,-0.2034806562986871,-867.5740212258811,-1516.2820649055107,0.0003113804406756378,0.0003286151358893389,Eeu32T14Y8NwoTcRvKngpgJEfVSnDcRb5n5B2ngaw2qb,2,1760753345,2025-10-18T02:09:05+00:00,67i6DHzBdsTibH2PKY6G1kA4xqTAdQ8BpX9N4wFgrh8YrH7iESA4wtQCTq1DuWG128S67Ucf9gKLJaPnenNA7Uyh,buy,axiom,"bundler,top_holder",,,1760753345,2025-10-18T02:09:05+00:00
9R5rQMjsM7ZJFG1PcZYdQTKAtTEVy8x8fZJQPe4YL3Ju,Aoah1AvD5HBT7U5xkJ4vVunqcc2fjz8BRPnuwTUeAEEA,TOP12,0,,14619310.754095,1.5092508076568165,1990.3896281623108,1787305218,2026-08-21T09:40:18+00:00,-662.45,post-migration,True,False,False,False,4844.39769418872,17124803.953993,2056.53183124808,2505493.199898,28,6,4844.39769418872,2056.53183124808,-871.2207514902484,-0.1771442780892473,1318.7362614659296,-2189.957012956178,0.0002828877753697816,0.0008208091849268649,BmFdpraQhkiDQE6SnfG5omcA1VwzqfXrwtNYBwWTymy6,0.991515,1779907287,2026-05-27T18:41:27+00:00,541aLMWv74JndWtJ1y89KdMrtF47c3gbV1JpcFTJSHkD4VwoiSBtkSCzcoXC1xo629TS3iAyfNEmSGYvHokHvJ5T,buy,"gmgn,padre",bundler,,,1779907287,2026-05-27T18:41:27+00:00
ABnCGv5BPr7ekjT3RCEz6jUu82Yg7JhmvzKQ8YgoRdSa,3ej7PdCWvVkzSgX7NoXsyQ2hjRH2RVtyiEDk6QtyC1mf,TOP13,0,,13362816.739793,1.3795343909392872,1819.3205062330026,1787431376,2026-08-22T20:42:56+00:00,-2765.083,post-migration,True,False,False,False,10870.47736580877,22512798.205806,3948.81362990175,9149981.466013,31,2,10870.47736580877,3948.81362990175,-5169.447521825207,-0.4726316733885207,569.78533701952,-5739.232858844727,0.0004828576735079205,0.0004315652053033503,,,0,,,buy,"fomo,fresh_wallet",bundler,,,0,
7h9Tftpp4wPJi6ByMJyGcSQ5uQNBXNCt51kWKchyPT7k,Fb4kpTEMZJdihQRDADYDAwpXhgDNzDFG5PdHnZF1es23,TOP14,0,,12656583.651418,1.3066251493920842,1723.168297841585,1787713639,2026-08-26T03:07:19+00:00,-7469.467,post-migration,True,False,False,False,4184.23419548672,24954216.692999,4948.7144816225,12297633.041581,10,17,4184.23419548672,4948.7144816225,2477.683674110225,0.5907405947770775,1987.36205861128,490.321615498945,0.0001676764390949856,0.00040241194910352335,J6tYtiwnff4SdCLMFpCGFMVSUnC71P3WPk6e2ouD7hzk,0.25,1771478068,2026-02-19T05:14:28+00:00,2xjWKDezU6s5185EPzyZCozTMHnmy3DHXMogzr4jA32qVw8TccS4dPjSjQ4bcUmFDFf5DRfFj11WVfVeJWEAPZHF,buy,fomo,,,,1771478068,2026-02-19T05:14:28+00:00
DPuyiDchTZNs6UfbBvXTjAmWnWypNb9GHjRLgAmjEJrf,9jXkfLW1MtThKgs7fL5Cgi49xti1zSxRzK2aFJnHWvSe,TOP15,0,,12404117.954391,1.2805613996330942,1688.7956031720669,1787508497,2026-08-23T18:08:17+00:00,-4050.433,post-migration,True,True,False,False,4335.2714966241,14071855.259555,715.3819465912,1667737.305164,10,1,4335.2714966241,715.3819465912,-1940.1407060202232,-0.4465926738763576,-174.72400057295,-1765.4167054472732,0.00030808101822113227,0.000428953615402188,DwdrYTtTWHfnfJBiN2RH6EgPbquDQLjZTfTwpykPEq1g,10.64801,1787443000,2026-08-22T23:56:40+00:00,5H897MJT7mqUW8PBXS8ddp8rg3SLnjtYjmziz7QxAfnZq9jae228MhGvUk7CgyKWzbQTP14zoE5kLfhsfZNjdxuc,buy,"fomo,fresh_wallet",,,,1787443000,2026-08-22T23:56:40+00:00
7PSfe7RfpnddugK9MKiYqsxpMi37uqCZ4DTZtj5E4jnQ,BoVjZiK3BX9Z2Cap6aBh7SWmvE9cpwga2MJVJETEnZa7,TOP16,0,,11548261.308717,1.1922055013661308,1572.272449693976,1787270896,2026-08-21T00:08:16+00:00,-90.417,post-migration,True,False,False,False,5508.21684248648,13819160.349056,1486.75141542156,2270899.040339,34,13,5508.21684248648,1486.75141542156,-2451.9804422122343,-0.4449244285568658,29.646506733691933,-2481.6269489459264,0.00039859272946802095,0.0006546972758417379,9obNtb5GyUegcs3a1CbBkLuc5hEWynWfJC6gjz5uWQkE,0.48564918,1758587973,2025-09-23T00:39:33+00:00,5rmpscczUeXrj9HFUVtRt6ttVNJzKvt8BAAjvosBfpRUH2KKgL2ZrgPG2tPzwsjjs4HKcE55joNjKmpVQdR1Hihp,buy,,bundler,,,1758587973,2025-09-23T00:39:33+00:00
r3fKbx3ziquB5Bb4ihjjygjXduCfkVwHRQXTwyazvX3,F2W7htHxaqXCR9YwFY9r2J1Zhem2TPunicumzVs5KRAR,TOP17,0,,9873030.202116,1.0192600087107284,1344.193118497085,1787454732,2026-08-23T03:12:12+00:00,-3154.35,post-migration,True,False,False,False,2749.74835957401,9873030.202116,0,0,27,0,2749.74835957401,0,-1411.0454368560186,-0.5121318566461418,0,-1411.0454368560186,0.0002785110855818795,,HbgWcJhb9S6HpdsEYvLuRe3CfRKANxcLCR2akAQ4GVnn,1.9,1786764068,2026-08-15T03:21:08+00:00,5YMnHZ6Ery4rorz9yAe11fcajH3N31TrMBkc4gxZNsG5NSp45hTQ8KaFkAEF5wDw91yQytfA7mos9qVhyXdJF9je,buy,fomo,,,,1786764068,2026-08-15T03:21:08+00:00
HyD8sgzkAa8xjSDuY1jchf7KkzmuZD7kdQiyeJCAWPiD,Ez7zn1Phue4T9jnAq52bBndR6iny3TbMqsG5mLxXwCJ8,TOP18,0,,9614144.206914,0.9925334479362946,1308.946313200043,1787508603,2026-08-23T18:10:03+00:00,-4052.2,post-migration,True,False,False,False,4311.93931713495,12379562.73321,2669.39929042757,2765418.526296,60,6,4311.93931713495,2669.39929042757,-383.68698925443056,-0.08796059659905572,220.10435148568666,-603.7913407401172,0.0003483111164797072,0.0009652785880490076,2AQdpHJ2JpcEgPiATUXjQxA8QmafFegfQwSLWSprPicm,0.349197731,1783662727,2026-07-10T05:52:07+00:00,3nrzW8TseVpFadT8HZ5n8heQfLhXfuHhCmJALfcBQAYKhZcBMNidZhaq5eHaTXjWEtzHkqYhDKXMnsec1gFzU9om,buy,fomo,bundler,,,1783662727,2026-07-10T05:52:07+00:00
9rW4XAyVThBpKxRoiUNv5m4DXp1pr3bbsQ1NEmYevGXm,GKbkPQrLCREK8xTuD2n3xTKt4eu9m5SkZNP1Ec7D284D,TOP19,0,,9479071.348243,0.9785889587280999,1290.556416339161,1787371389,2026-08-22T04:03:09+00:00,-1765.3,post-migration,True,False,False,False,4759.84828316612,9480901.5246,0,0,8,0,4759.84828316612,0,-3470.644930239837,-0.7288023989181847,0,-3470.644930239837,0.0005020459574245962,,EZcv4WSEmX7WopTJc2bfrdaYovpKcxk81s9zXiQ3Zm9i,10,1751524942,2025-07-03T06:42:22+00:00,,buy,,,,,1751524942,2025-07-03T06:42:22+00:00
9KFgKjqHqw4J5zNycRZCWhFCtp4nF6pahsk815qqCJsR,HNPzPMTdSvvXq2CYzHCqZwivS9xaBB8bAgZ5usYxN5De,TOP20,2,meteora_dlmm,9397113.242999,0.9701278665046597,1279.397985865563,1787267195,2026-08-20T23:06:35+00:00,-28.733,post-migration,False,False,False,False,0,0,0,0,0,0,0,0,-522.8576961454312,-0.08928060608317817,-501.957974780656,-20.899721364775132,,,,,0,,,,,,,,0,
A2HSat7V5MU8Daf3ExpSWGyYwDo699ujAFZ7bHA6ySKP,Fzx54NsHey525G3XVDk71DWbvZ98yTKiquCAGbmjRzCh,TOP21,0,,8710689.449424,0.8992636730913186,1185.9427729463898,1787716699,2026-08-26T03:58:19+00:00,-7520.467,post-migration,True,False,False,False,1507.96884729412,8710689.449424,0,0,4,0,1507.96884729412,0,-322.7771037596101,-0.213941042829191,0,-322.7771037596101,0.0001731170484322381,,4URXzQhAie4PrHxaQ7KToDJgw3x783V9tzLZQCqgU94J,0.684687763,1779940086,2026-05-28T03:48:06+00:00,4xZiUkg31YgjvF421iamvHbXarovtUE9uMjdToik5Hnk3DEF3T9CUP6KzvciK3WnFsHAr83mmb93bZv9sjK2jLm8,buy,,,,,1779940086,2026-05-28T03:48:06+00:00
3kyAyHfVm5j2JvbSbodsL4isCjLX6EHzjNdzVEbHv8kc,mi4r43T3wbwjyxM5qjcemLUsBwefAuAhi8m6KvyGwaK,TOP22,0,,8475383.05021,0.8749713942668145,1153.90628201233,1783652547,2026-07-10T03:02:27+00:00,60215.4,launch-window,True,False,False,False,109.15950582725,8475383.05021,0,0,4,0,109.15950582725,0,1042.16511186233,9.32659923341898,0,1042.16511186233,1.287959555108784e-05,,9obNtb5GyUegcs3a1CbBkLuc5hEWynWfJC6gjz5uWQkE,1.582105931,1783451792,2026-07-07T19:16:32+00:00,32DE8NyAacbRVmPQ1jxrGmQfBFzGP9qbhTQnShwUzQ3Q1cED8mxVj4MMjRVJh3J2PgxsshqNRacdQEqUpYdEGn4T,buy,padre,bundler,,,1783451792,2026-07-07T19:16:32+00:00
7Xs4bJQAytDvWrWssG3vgqJ7nJyJUB5473g8KM73Kvb7,F4RW7UHppRgAbkn4CAfAQvj8KJaLxAh4kBqb1H1WEKLU,TOP23,0,,8010064.80085,0.826933428901907,1090.5541423048298,1787623348,2026-08-25T02:02:28+00:00,-5964.617,post-migration,True,False,False,False,3183.79883216012,15073447.685242,1306.57133069203,7063382.875967,39,8,3183.79883216012,1306.57133069203,-788.0503165036621,-0.2474118755587946,-278.6172598055593,-509.43305669810275,0.00021121901894264645,0.000184978126435367,8Czzjeh2igeE7gSsbuuXVZUmZZ42yZTCNUZoZcCGRKdr,4.16215766,1767976840,2026-01-09T16:40:40+00:00,4f4pbPnpTGmMUpT5YXAfFfEtHkpXojroMxiLPxSatP1cDRXyedBJ7posaAFqFVh2EYP4SsZZHWbEXkUbdvYFH5GC,buy,,,,,1777096814,2026-04-25T06:00:14+00:00
3ypenuWt1ZbX9BCpiGbSMfWNeQ3XdxLpJYhPRRukuoS5,CndxAvCc2tmfb6ccco4oGmKQzjCzraHtQwnJyxUf1ad2,TOP24,0,,7832083.369058,0.8085591960671099,1066.322329888841,1787717349,2026-08-26T04:09:09+00:00,-7531.3,post-migration,True,False,False,False,3654.6437420072,15960590.571465,2512.1585219591,8122386.299954,28,20,3654.6437420072,2512.1585219591,-76.36077343123367,-0.020883538007242648,412.8197539345553,-489.180527365789,0.00022897923016339524,0.0003092882349086656,FcgzPywR6o2FkGVEYqzQC7fitr3HiRyFpgDTw7WmhHJp,1,1770175858,2026-02-04T03:30:58+00:00,4oqrSooYtDUgsMG9ZcsaYS1gmqHMppp8KJvrosTHkHzmkbXHKMgpHPPqE8WMz6pr386eWx8xTabVAf7RFLHo2qa8,buy,,,,,1784301079,2026-07-17T15:11:19+00:00
CwzXK1Xx9zhPqpYihnrJ3GARMBKUAZKUw5DWform55fY,3ua3bMdbN81mZoDPXbUBfx4ypQyYh2QLyhjzZD51dbdW,TOP25,0,,7268317.252654,0.7503577882973251,989.5667119479917,1787780839,2026-08-26T21:47:19+00:00,-8589.467,post-migration,True,False,False,False,2832.53049994985,11799286.497279,1807.33004333946,4530969.244625,37,4,2832.53049994985,1807.33004333946,-37.45621214328811,-0.013215083856419303,-69.53694305691,32.08073091362189,0.00024005947313874036,0.00039888375880799896,BRePhYWBvLG2gP7v4Yte743q96qJvwt4SMYFGsRyc3eE,3.563655574,1768014826,2026-01-10T03:13:46+00:00,fwBQ1epb8TEwaZ5tacCfhJ175zwo2aaWmdLb9iRfXyzrhqxJposMnY4pYPh2awBTgm8xx4dUHLgoHfkDS7G5cod,buy,"axiom,gmgn",,,,1768014826,2026-01-10T03:13:46+00:00
E51uP25VmfP1sXvo4y9nUanLgkS5FTcCMf4tWWdAALVN,EhKipwdb8h2N7VJ2gPWq92C5AbB5zJqpF73Gmbhox54R,TOP26,0,,6877682.252507,0.7100298823250318,936.382545760678,1787271087,2026-08-21T00:11:27+00:00,-93.6,post-migration,True,False,False,True,2677.33639162275,6562322.444901,85.05458865096,85708.990195,42,1,2677.33639162275,85.05458865096,-1758.3778353261803,-0.6384384704347176,-87.8046881659,-1670.5731471602803,0.00040798610767794126,0.0009923648436114911,5tzFkiKscXHK5ZXCGbXZxdw7gTjjD1mBwuoFbhUvuAi9,30.953014,1741478048,2025-03-08T23:54:08+00:00,,buy,,"bundler,transfer_in",,,1741478048,2025-03-08T23:54:08+00:00
42yu8iS4T3X9KgrNueExRXr5E8iP7oAbfhyK3mX4PsFq,A6anAoFWbrLov8b1DX3gdb35iURs3HcpvgDbpgTpgoLe,TOP27,0,,6710154.996094,0.6927349050652435,913.5740482051059,1787472534,2026-08-23T08:08:54+00:00,-3451.05,post-migration,True,False,False,False,1489.90135933693,7728571.498561,460.04988092032,902487.93,24,5,1489.90135933693,460.04988092032,-97.44240951975172,-0.06530144902099976,211.87218564490655,-309.3145951646583,0.00019277836267858012,0.0005097573780519369,Ge8dzF234QHZKFh7TYyZqdipn3BoHyZfoyz9fxEqdTRi,0.458,1741969662,2025-03-14T16:27:42+00:00,,buy,,,,,1741969662,2025-03-14T16:27:42+00:00
7ukB1MK1tyZAPiM8T6hPJLpcoD5TEaG9HihGxxbALLbw,6ULqK15WsWV4HNv6TtwQL27KpYbwrRUk7VRt3V5wax5R,TOP28,0,,6692869.978115,0.6909504551835784,911.2207279230014,1787708610,2026-08-26T01:43:30+00:00,-7385.65,post-migration,True,False,False,False,728.56136695251,6849967.611783,50.00767563038,157097.633668,7,2,728.56136695251,50.00767563038,232.31373379196134,0.31871183751590515,-8.74048098584,241.05421477780135,0.00010635982653396378,0.00031832227171583625,ASTyfSima4LLAdDgoFGkgqoKowG1LZFDr9fAQrg7iaJZ,1.55814,1737816214,2025-01-25T14:43:34+00:00,,buy,,,,,1737816214,2025-01-25T14:43:34+00:00
EEWspdJBADLCoQLmScpZ4mVHa1PSpzGadH6RtnX4vWfU,22dmCigLBdkpSvX92yZVjS9GXHXfrr7mx9fRnK5XY2D5,TOP29,0,,6452822.374334,0.6661687095885561,878.5387315643779,1787639946,2026-08-25T06:39:06+00:00,-6241.25,post-migration,True,True,False,False,1405.69408933496,6452822.374334,0,0,3,0,1405.69408933496,0,-532.4020180329821,-0.3773383242243969,0,-532.4020180329821,0.00021784174548583363,,GcmXqJWgUwY29AAdZ8kVBSNcX23QsXP8CwAtFvXxv3oR,0.08,1787639442,2026-08-25T06:30:42+00:00,4zsqu3yoV69TmPbDieEDX5DkXDWSFdd7veNNmJB3thgDMwvPjuCagMoCgCYAidXDszWvwphidCZfoknd9hcRgeds,buy,"fomo,fresh_wallet",,,,1787639442,2026-08-25T06:30:42+00:00
8564wfSk9SJG3PNB7ZcqxwNYLHX2mVBrKGG1nmMXqYDT,CxAZacf9NgGuPpyBMSY1cBzvAaRi8ZTHs7qUvqTANabh,TOP30,0,,6416733.564364,0.6624430164617896,873.6253129863586,1787713878,2026-08-26T03:11:18+00:00,-7473.45,post-migration,True,True,False,False,815.80628011537,6416733.564364,0,0,4,0,815.80628011537,0,49.16806735896864,0.0596368915668308,0,49.16806735896864,0.00012713731557221502,,DwdrYTtTWHfnfJBiN2RH6EgPbquDQLjZTfTwpykPEq1g,10.26185,1787692663,2026-08-25T21:17:43+00:00,5arbPgxwjBXLFDi8Fa6KrWdGoqrwxMUUgfKEpo8nMktV8HmW7L4HssBUFnVku9UddCgCx6zK8KuMaiaGj5aLvgx2,buy,"fresh_wallet,padre",,,,1787692663,2026-08-25T21:17:43+00:00
AtmRxYxrVu89v7HSmEp8xZt8eKhgZRJSTFwTcmW8b9Ag,GHVAP3rs4NCcaE8DizrxntbiFMX47MP6R9wUrp9vmv5j,TOP31,0,,6351811.644191,0.6557406854077564,864.7863246970833,1787284892,2026-08-21T04:01:32+00:00,-323.683,post-migration,True,False,False,False,3931.12204679334,6351811.644191,0,0,12,0,3931.12204679334,0,-3078.4684877393165,-0.780692254030938,0,-3078.4684877393165,0.0006188977675980863,,,,0,,,buy,fomo,,,,0,
2muaTEkX1rPoXtyp1cqV2KfRzk2SsfzQ5UKhNuSjsGxi,CmnaE2aS74FMzTrrGTDvYp1WcJ38kRptKCRSK1wkRtbd,TOP32,0,,6168640.758637,0.6368307099915658,839.847978634095,1787731966,2026-08-26T08:12:46+00:00,-7774.917,post-migration,True,False,False,False,983.78192073168,6168640.758637,0,0,2,0,983.78192073168,0,-144.372692656185,-0.1466873200975522,0,-144.372692656185,0.0001594811497742418,,5tzFkiKscXHK5ZXCGbXZxdw7gTjjD1mBwuoFbhUvuAi9,0.47668936,1765368220,2025-12-10T12:03:40+00:00,iVfWMBxRguuUecvFYgGPUtVtK2Jnaax2t5XQMZXpHQ3o6vGyTRYdaLgMpydp8hv46iewXGsRrEDCxvvHJuLb88o,buy,,,,,1765368220,2025-12-10T12:03:40+00:00
9kcGc4GQmXuJQHaNETWjLeEQK3shADptgxijt3E8fEvu,3AzkjSgNpWzXhbvHQtwPQaSGjqmuT39wnaGSZFrnnTUK,TOP33,0,,5789512.887403,0.5976907631438769,788.2304848038859,1787348551,2026-08-21T21:42:31+00:00,-1384.667,post-migration,True,False,False,False,1237.21776097192,5842275.909169,9.79427687536,52314.536081,10,1,1237.21776097192,9.79427687536,-439.6687906858038,-0.35520515610623105,-4.641319589923408,-435.0274710958804,0.00021176982741095854,0.00018721903335232215,5VCwKtCXgCJ6kit5FybXjvriW3xELsFDhYrPSqtJNmcD,0.72457719,1741469186,2025-03-08T21:26:26+00:00,,buy,,,,,1741469186,2025-03-08T21:26:26+00:00
4VgKy32TC1yPd4omCtnr1HsCc2yCmBxTn3rgT9Nznbsh,AHvov2uCMpe6WsEMT2igaJoXsE24wgZ81dVfZBDXcFEt,TOP34,0,,5717887.536193,0.5902963913447744,778.4788379198538,1787725525,2026-08-26T06:25:25+00:00,-7667.567,post-migration,True,False,False,False,1533.7946361283,8599644.660659,822.11737786593,2881757.124466,9,2,1533.7946361283,822.11737786593,35.92407303231387,0.022959489116420012,33.05339590868,2.870677123633868,0.00017835558289344057,0.0002852833678751714,E4vVunbGzXEiuPstBA4U1E4jXE18SPx1fta7TPRRgaQz,4.5,1737911706,2025-01-26T17:15:06+00:00,,buy,"padre,photon",,,,1737911706,2025-01-26T17:15:06+00:00
4PDXKBJKYAvV7jauGdaWDeGzfJZLnrmrDvibuczB1UZc,HGz4cQSWW1eoDaY17QihU1o36HKxGeGhekribKKaaKWT,TOP35,0,,5457653.878121,0.5634307021730302,743.0485510453403,1787283423,2026-08-21T03:37:03+00:00,-299.2,post-migration,True,False,False,False,2423.5944275222,5457734.997991,0,0,14,0,2423.5944275222,0,-1681.4262370626661,-0.6935115406407844,0,-1681.4262370626661,0.00044406597762887504,,9qkWGDyaxX4Ktucf9UUMujoie5rNZQJm5Zm36rk4odPV,0.03,1762238359,2025-11-04T06:39:19+00:00,2c9gjTh59qSrk7La23vSYyzoeGrL8cJrtcUB19ah5EgdFiR5iLg5kGKsCmiGyRt3v2qYSsY9G8ERuYF6cYy4StxK,buy,,,,,1765225139,2025-12-08T20:18:59+00:00
6uPAQZXBty7JiNruEzyrYyNFDtckoE3nhCnmPxSE4FD7,H3No17qFKgtmDm66gn9AhAEza8DHvyCwRq2wnmFanZHX,TOP36,0,,5190175.729195,0.535817114974055,706.6319413749262,1787694205,2026-08-25T21:43:25+00:00,-7145.567,post-migration,True,False,False,False,1874.13616231581,9767692.262819,353.81248208085,4577516.533624,8,1,1874.13616231581,353.81248208085,-817.2430860923139,-0.43523913427373373,-1042.63594626614,225.3928601738262,0.00019187092630362272,7.729354541527743e-05,ETaqrwNYGW3ZSinhjH7ofJmFYr9Cuo68LBBueRaRf8Am,8.9,1739984001,2025-02-19T16:53:21+00:00,,buy,pepeboost,,,,1739984001,2025-02-19T16:53:21+00:00
78p27joZk5Xpm2shno6ZYLJN82VUKcJ9dk6eZ2PT27Qy,5JdRH95s2ucd671ZKfapCqghPaRSvYkP3Ht6pptDGizD,TOP37,0,,5032787.420547,0.5195688502002731,685.2038410768846,1787545804,2026-08-24T04:30:04+00:00,-4672.217,post-migration,True,True,False,False,973.67810933632,5032787.420547,0,0,6,0,973.67810933632,0,-288.7282625535953,-0.29645625344653576,0,-288.7282625535953,0.00019346696531650714,,GJRs4FwHtemZ5ZE9x3FNvJ8TMwitKTh21yxdRPqn7npE,361.280447881,1787377951,2026-08-22T05:52:31+00:00,5nnR7iW8AkUoRYsvwRjGbpHnWwoiKd8RAPt5WeKnLjyaroQi6FmQeGFToahz41SBoiBn2tfRYDQabZSssYPyGrpX,buy,fresh_wallet,,,,1787377951,2026-08-22T05:52:31+00:00
QficK9RgCa3FhUngYLGFPRVZwibUu4mYGZvHuWPNH2R,6SRcgNpjf2naSAB861qmyAeX1aUmr3prbLGiBu425USJ,TOP38,0,,4564683.67562,0.47124331919667484,621.4724617746382,1787479259,2026-08-23T10:00:59+00:00,-3563.133,post-migration,True,False,False,False,4890.8015584006,13850112.278634,3772.81012999321,9269429.565182,97,19,4890.8015584006,3772.81012999321,-493.59399903532153,-0.10087046740121101,372.6251486788277,-866.2191477141492,0.0003531236036220037,0.000407016430025501,DhEsUaJkT1DzkFUWLCkU21VruJQZk1es4zBRhU9QjK9R,1,1741569107,2025-03-10T01:11:47+00:00,,buy,,,,,1741569107,2025-03-10T01:11:47+00:00
C6macjVoEMRtfpupFP4cQtCr49Uws5UFcxLVrGxAKMdr,2VNa1SkLjsHqXq6rCKAhFesUr4pyfTtd1xexFVw5W4XV,TOP39,0,,4545773.96122,0.46929114086140244,618.8979423567013,1783652753,2026-07-10T03:05:53+00:00,60211.967,launch-window,True,False,False,False,2774.08700540007,4545773.96122,0,0,25,0,2774.08700540007,0,-2166.6775831514888,-0.7778204408068268,0,-2166.6775831514888,0.0006102562575846947,,F1AQWYA4Qa9kfe3B3Ryeyep6KnuXHFxiEWiwLvUbJbVv,0.011441516,1787267534,2026-08-20T23:12:14+00:00,2UusoA96tpkB1tim4A71BakV7Gdw2dYsRuN148vrSMRNP9xtKvnV4ERnibNDD1irSdshgJTFx7FM7geHbgdEyYuP,buy,"fomo,fresh_wallet",bundler,,,1787267534,2026-08-20T23:12:14+00:00
4LLSBskbeaZCUAwyscLR5vypyLMPSGAHS9RZnFxuZCmj,3hwMaceyQrw4bs4ZPSDGzoAeicSdVkdLX3ygaevubwEY,TOP40,0,,4543522.171657,0.46905867332077783,618.5913657563137,1787692686,2026-08-25T21:18:06+00:00,-7120.25,post-migration,True,False,False,False,394.75863698131,4543522.171657,0,0,5,0,394.75863698131,0,223.49721868398376,0.5656809151441772,0,223.49721868398376,8.688383638663824e-05,,ADqMKvQG8y8PtDrCPyutB78n3FnxWZvYAeKWJYW4kB4a,0.00175266,1731409047,2024-11-12T10:57:27+00:00,,buy,,,,,1731409047,2024-11-12T10:57:27+00:00
AKyzX43hi3vMFV2D2AvptDHMb5BmVr7LuYcFQ9zmDLA,JA9H2SGJKJX5P9uQJ3q3pochhdzTmkMyYCwSMEy6boj6,TOP41,0,,4491991.858431,0.46373884886644345,611.5756177018267,1787311292,2026-08-21T11:21:32+00:00,-763.683,post-migration,True,False,False,False,2284.78154599939,5491991.858431,407.26199511459,999681.636512,12,4,2284.78154599939,407.26199511459,-1266.9928412439158,-0.554249068576046,-8.961776515911025,-1258.0310647280048,0.0004160205631936472,0.0004073916937551961,H223H2wES8gVpGE4tMDihtbEqygoXapFfJQXGK37G2zt,0.309927072,1785645127,2026-08-02T04:32:07+00:00,fW1G6PmBY6Ztdr9PfMcGBxkoz5K82o78qtaMyPbcXjJtvpWxw9aFeq8oFcvibRAi1C7qZtF6TSKN8YecVv2sPx1,buy,,,,,1785645127,2026-08-02T04:32:07+00:00
FSspfNHzfmpobiHp5QSWZtGWEegWc4EkkkXFPzfT6VWw,5swcxj3ZeWgQ4aVcA7UbRcngvntnaJk3fXZVQGFdbckr,TOP42,0,,4399240.473886,0.4541634930654445,598.9477040538217,1787272150,2026-08-21T00:29:10+00:00,-111.317,post-migration,True,False,False,False,3413.36756392324,4942966.82459,471.0266428315,543726.350704,4,1,3413.36756392324,471.0266428315,-2347.331613357478,-0.686895361628872,94.72123097041421,-2442.052844327892,0.0006905503688478358,0.000866293572532634,BKT1dCmc72rpsMExWooyTNqs2Qh6MeYMYX68B7JjqdLN,40,1787264510,2026-08-20T22:21:50+00:00,2JJLF5NqhDU9aJ3gpbif3X156uAga28obfU99aaSjtkYgXVEsG43FuQBFk2139Ga4zgQWZNPcxGJUM4Gurq9QL9q,buy,fresh_wallet,bundler,,,1787264510,2026-08-20T22:21:50+00:00
AEeJUPCiGR3yCoukTh1G58o4LYsUEyzrXtfmfMc2kJMX,B8m98D2VdFvZLfszB3TJU1ptpxB7TVUHjdjTXVHJhPpg,TOP43,0,,4392736.681725,0.4534920623983679,598.0622258887616,1787782836,2026-08-26T22:20:36+00:00,-8622.75,post-migration,True,False,False,True,4050.5642985321,10229209.686823,2135.40452949865,12194163.386242,40,13,4050.5642985321,2135.40452949865,-3918.8858040163163,-0.5890977318206927,-3871.0603665950703,-47.825437421245965,0.0003959801805363254,0.00017511693601775984,DoAsxPQgiyAxyaJNvpAAUb2ups6rbJRdYrCPyWxwRxBb,0.101014811,1777212133,2026-04-26T14:02:13+00:00,4imiHGwpFQRZRpuSKbxGiKLEZAwPE4x8JBkvr8wWP6ApZvsR4c3sZYz5GztYfmE53s1eYd1hGw5m9osv1RT5Dctg,transfer_in,"kol,padre",transfer_in,Damian Prosalendis,DamianProsa,1756323120,2025-08-27T19:32:00+00:00
2DTrHEHPA1YPCiF1oU1MTBvtPLD6hZKdMGy7as3f75HD,DUq6VEGVoDLZ5LPHAaeBaK4SLMohjLfcT1YPSNZ9cQbj,TOP44,0,,4392736.681725,0.4534920623983679,598.0622258887616,1787776282,2026-08-26T20:31:22+00:00,-8513.517,post-migration,True,False,False,False,2928.5673579903,13857362.319273,3702.6476427266,3106935.256404,16,9,2928.5673579903,3702.6476427266,3830.8482352575893,1.2760629483044559,3752.291053268838,78.55718198875161,0.00021133656539507596,0.0011917363373101261,AEeJUPCiGR3yCoukTh1G58o4LYsUEyzrXtfmfMc2kJMX,0.361844584,1785365825,2026-07-29T22:57:05+00:00,2TwxFMHqMAW9VbgLUxcSxFfmQ19awDPBdwDx6vxgJzhQVsddmW2PWVduvAjCpJa74xUBnWyRbabs4jLY3QQ2MvAu,buy,padre,,,,1785365825,2026-07-29T22:57:05+00:00
EoN2svKUyyHNwpUTDgFkURthxxarSfsEKuwD1VExcpJJ,5EMBUfWT7KbjrAGvwej1FodtJ8PnEqSkKCYYo6BvaAWb,TOP45,0,,4186370.952981,0.4321875256785142,569.9659487790381,1787780545,2026-08-26T21:42:25+00:00,-8584.567,post-migration,True,False,False,False,1545.76859578322,8247952.740543,569.14616238308,4061581.787562,7,3,1545.76859578322,569.14616238308,-407.506741967267,-0.2634823318898055,-431.18381842393,23.67707645666303,0.00018741239728314144,0.00014012918910706336,3Ht23NaCh2XuwzQbDsjStjoV96vDQKH4x1HerSJy32pa,0.075282145,1743089071,2025-03-27T15:24:31+00:00,,buy,,,,,1743089071,2025-03-27T15:24:31+00:00
4nvpW9qkNbhvHoBbRhEDywdATeDcKMZMCmo6ws5cgsfj,36BU2hzKQrBgj2jDRebmtA6L19RoVTEqdUktLowDDJoq,TOP46,0,,3986742.784709,0.41157855311726177,542.7869769177053,1787616971,2026-08-25T00:16:11+00:00,-5858.333,post-migration,True,False,False,False,5269.04201718406,36921018.78816,4835.76101318153,32934264.304431,53,24,5269.04201718406,4835.76101318153,106.03195268604031,0.020110307817458848,108.90445201947102,-2.87249933343071,0.00014271117618438415,0.00014683069791636194,J1BDJEdvTmmcjeTMVTHLPaaNvuQ3mdxeuWEM1YyMksLy,0.892867,1745312278,2025-04-22T08:57:58+00:00,,buy,,,,,1776813671,2026-04-21T23:21:11+00:00
BM9CcyErJcu2mjrFvUsRRrD3snGeHDDVirJLvL6EjvMN,FZSj19e8Wga2PgX2MVQmrM4XfKe9q47Yc8VQvuRHNdep,TOP47,0,,3955281.413288,0.4083305819217774,538.5035747507063,1787269381,2026-08-20T23:43:01+00:00,-65.167,post-migration,False,False,False,True,0,0,203.4774153275,398771.418936,0,11,0,203.4774153275,0,0,0,0,,0.0005102607801492331,E8aQ18Xbr8FgKq5M7cQnuvJUwU8ZsningNLhcEDAPD8Y,0.015,1761706440,2025-10-29T02:54:00+00:00,SqCQzXDYqe7yUWW3S6UrNZ4TsEXTR1eSqAfcHfBmvMsjNr35qH5MKGdSQ3yB9Cu4btd7x9WJNYdGuZjifYGYWDD,transfer_in,"bluechip_owner,sandwich_bot",transfer_in,,,1761706440,2025-10-29T02:54:00+00:00
GnJYmwcqGBBQAJkEXogvY3kqB1zD5fWVBEnBks81gG7z,ArbNd6uRfcwjKuQkh3QdTQ7iWx7sqwkGjDmp1wpGRteu,TOP48,0,,3854337.799653,0.39790948663424835,524.7603056604007,1787298654,2026-08-21T07:50:54+00:00,-553.05,post-migration,True,False,False,False,2041.06560578903,3854337.799653,0,0,3,0,2041.06560578903,0,-1523.9450514158093,-0.7438576006804086,0,-1523.9450514158093,0.0005295502656702233,,7reT9xc4BDyMoCjPgriyLBWVgcUFBvrJSauPtZgYPLjn,1,1784193819,2026-07-16T09:23:39+00:00,2aV2D9Jb8ozzPj7TJxSYSWTRaBBQNWNSgPQVAe7ZUykXDZRUf1BDXetDrsCgxKeUDpDyyvfE3y1d6Vmhk7StsfTf,buy,fomo,,,,1784193819,2026-07-16T09:23:39+00:00
KgHdjbYRJwf2QKaGcYR1coY34xectq3FMbqN1JjQKUF,FXrgrCaUzyzxBK2dCdrbtvjjRnQRXDRNZCtCYHo4A8sE,TOP49,2,meteora_dlmm,3802459.222755,0.39255370855411825,517.6971422104633,1787269318,2026-08-20T23:41:58+00:00,-64.117,post-migration,False,False,False,False,0,0,0,0,0,0,0,0,0,,0,0,,,,,,,,,,,,,0,
FixukbsKfJZEr996ubcWvwTAt1b6QJ2SfP3FJsBSbH33,u8whVNp5kjAdPPRPuA64RKm4FhEFmXPwBZudNCP8GiG,TOP50,0,,3691284.638336,0.38107640061890746,502.56094711447696,1787762708,2026-08-26T16:45:08+00:00,-8287.283,post-migration,True,False,False,False,1110.62499085212,8849471.126145,1082.82798207212,5158186.487809,10,6,1110.62499085212,1082.82798207212,474.1636817263869,0.42670348141398357,394.32349553162,79.84018619476694,0.0001255018492089176,0.00020992416319791957,2dAMfWgE8yCNbp1pV4Nhu4711efPXNyE9xRFD2t8f9uX,0.099771127,1784527222,2026-07-20T06:00:22+00:00,RswtVBfE84xYzisr5dFMidHbETgVrejXuZptNtEAsjqRFdcCT47rofrFAT9kjU2uk3bBRuB3GXeE21sy26gmxaa,buy,,,,,1784527222,2026-07-20T06:00:22+00:00
CxZ7AUNNdijeRiq5feD9KmNUyhN7AG3vXpy9PncQbKgU,3kt9us8ojVXWmj4qKSHiCb4MXiQBL8n4D5eYkvAeyYze,TOP51,0,,3684343.547398,0.380359824627029,501.61593160427196,1787486852,2026-08-23T12:07:32+00:00,-3689.683,post-migration,True,False,False,False,939.18218909972,3684343.547398,0,0,4,0,939.18218909972,0,-438.16725560561804,-0.46624291812081364,0,-438.16725560561804,0.00025491167612830246,,Bbxb5C6jnivrEnpqrn2fJFbVdATDM7rCvyK96kQ7jbyJ,9.9,1738674110,2025-02-04T13:01:50+00:00,,buy,axiom,,,,1738674110,2025-02-04T13:01:50+00:00
Fd3CA5SQ1b2UtwhkufQ3on55zc3x2skd41Vz36mVi45S,Ar1QNaNibBBLkVMwRiddU1dv69b2MQ8SiiBThWVoLh9f,TOP52,0,,3539732.212356,0.36543061367586743,481.9273904532005,1787724382,2026-08-26T06:06:22+00:00,-7648.517,post-migration,True,False,False,False,528.34678567486,3539732.212356,0,0,3,0,528.34678567486,0,-52.3686520364995,-0.09801429895020987,0,-52.3686520364995,0.00014926179551961056,,CxA84V12nFW5CMG57StT9rrstLx3smaB7zLqaMY1az1T,2.1,1783506307,2026-07-08T10:25:07+00:00,3aEKCcTZ68sEbm4q8CwYVetbyZYV5DsqLK3DYtxisRvHPvSp7TBMuZmq7JfAprfBmmGDpo3qXYUSHpYQ7p9iQZRi,buy,gmgn,,,,1783506307,2026-07-08T10:25:07+00:00
3ZQ2E2vZx86EtS9APJF6GC2CTC4eayZqSQiLmky9aG4r,6CzKne3PbZzqH7VadN2K2vJcY8KYtvaUfxhunRBdRK71,TOP53,0,,3475506.315952,0.35880013788595594,473.1831643941066,1787683746,2026-08-25T18:49:06+00:00,-6971.25,post-migration,True,False,False,False,664.39209727302,5661777.970544,304.80936214842,2186271.654592,17,3,664.39209727302,304.80936214842,107.0574155284633,0.1595644851059513,22.09175026659805,84.96566526186524,0.00011734690069614002,0.0001394197109532133,,,,,,buy,fomo,,,,0,
ABx6hdAQvGYgBkVK4nk6mFAYxee9hPWMFE7zWjtAAkbH,5mUvZWvACtMVrbEyktNGtuQa8PobSG1Dk6FEPiVrWENg,TOP54,0,,3459996.442558,0.35719894824437226,471.0715264614577,1787734473,2026-08-26T08:54:33+00:00,-7816.7,post-migration,True,True,False,True,86.36336210577,592526.610122,0,0,1,0,86.36336210577,0,-81.35911295756586,-0.14727480185228148,0,-81.35911295756586,0.00014575440263853796,,is6MTRHEgyFLNTfYcuV4QBWLjrZBfmhVNYR6ccgr8KV,6.19909378,1787738499,2026-08-26T10:01:39+00:00,3ZxkXadHmYEph5XeJSoB7JNGhJs7XVY3e5asmYCc199eaHJNBZDhsGie7q5jdHPiUAchktxPycveX3TyGz85wqo7,transfer_in,fresh_wallet,transfer_in,,,1787738499,2026-08-26T10:01:39+00:00
ETaqrwNYGW3ZSinhjH7ofJmFYr9Cuo68LBBueRaRf8Am,87tdsCB6r7GVtH3A3USsbewVkiNcBJx6qbyj4HHoUKK9,TOP55,0,,3453569.483016,0.3565354495307394,470.19650890227274,1787340183,2026-08-21T19:23:03+00:00,-1245.2,post-migration,True,False,False,False,2842.41561604536,6819497.917705,0,0,16,0,2842.41561604536,0,-1199.9550517483558,-0.4219659641327377,-277.7712600910759,-922.18379165728,0.00041680716826172627,,5tzFkiKscXHK5ZXCGbXZxdw7gTjjD1mBwuoFbhUvuAi9,49.99,1729376970,2024-10-19T22:29:30+00:00,,buy,,,,,1729376970,2024-10-19T22:29:30+00:00
CCcevzCYhst5pT6vRJWoZwZJ5b3ZqHAT3MCn64NHCz6A,BCKBXceSFbU9GQSUV5DVJ8D6rt7599sGYQ1EUJ2k9qcG,TOP56,0,,3257883.94726,0.3363335017197748,443.5543184938755,1787559388,2026-08-24T08:16:28+00:00,-4898.617,post-migration,True,False,False,False,836.65513337752,3257883.94726,0,0,3,0,836.65513337752,0,-402.27094354884457,-0.47559580164032406,0,-402.27094354884457,0.00025680937286952094,,5tzFkiKscXHK5ZXCGbXZxdw7gTjjD1mBwuoFbhUvuAi9,19.157822,1784846625,2026-07-23T22:43:45+00:00,2f6R61JPZ1j6YZn5G1zUuH3BQrk1nahT87chj9dfBurXuHjg3ttXgq4uf8pFzrGmwbjkuojuELVnAVw5XYbTGkTZ,buy,gmgn,,,,1784846625,2026-07-23T22:43:45+00:00
7dMN9SGYXfr85BSvNnFfQsiWsjL2UJKXHvPSqdGeLBd8,GYPQUNf8MqV5bCMyroMaHkmCQQ74DDxtTK9VCV4C24bw,TOP57,0,,3159120.847915,0.32613751574202415,430.10792201951443,1787550490,2026-08-24T05:48:10+00:00,-4750.317,post-migration,True,False,False,False,1885.31734038126,3708947.113209,813.66874306639,549826.265294,6,2,1885.31734038126,813.66874306639,-649.7461713928556,-0.3431414498285845,-171.41721109802,-478.32896029483555,0.0005083160484189471,0.0014798651763776865,,,0,,,buy,fomo,bundler,,,0,
GmfYuSA3sNbGfTYhKjH2jtBiv54YaZfL8W6K7rg7Y9aQ,EzLDVkJB4G4ioSRGdvybuZ3EzjqNegEEYCFxnV5m4L6A,TOP58,0,,3148114.706024,0.32500127691260305,428.6094580334614,1787357565,2026-08-22T00:12:45+00:00,-1534.9,post-migration,True,False,False,False,1833.7169137563,5559386.391487,1569.64212333971,2411271.685463,97,22,1833.7169137563,1569.64212333971,137.58778220437142,0.07394553613921813,648.1205145960043,-510.5327323916329,0.00032984160204519006,0.0006509602931941348,,,0,,,buy,"fomo,fresh_wallet",,,,0,
DG1ENECbETNPTqiqbaw15v3Yw2tRPDgqSQs5Kq7qFGFD,DgLZEJ1Dzt1aahjXVw42HW5Xa1mMaDE2vEJHYGRm27vD,TOP59,0,,3110682.300837,0.32113687531999086,423.5131116807098,1787786461,2026-08-26T23:21:01+00:00,-8683.167,post-migration,True,False,False,False,537.96654204214,3110682.300837,0,0,3,0,537.96654204214,0,-114.70651970175015,-0.21312214013286235,0,-114.70651970175015,0.00017294165395720026,,4NyK1AdJBNbgaJ9EsKz3J4rfeHsuYdjkTPg3JaNdLeFw,88.249166041,1786918692,2026-08-16T22:18:12+00:00,5rGMQfdcTzGsYafZYkMMQ6UoXvLy6fCEbBDkaJHbUUNVqUaArHTomBeoAVXW7d5byzKe3TzxXvzQ9nZwudjnXU7d,buy,,,,,1786918692,2026-08-16T22:18:12+00:00
8KVZbbPChBaZvLB5iEXyYRyi1df99DaDPSPAbvnNSSLT,HA1YDN7PoTkpKFDGjHhPz5jDGgDHUvL6EkGQfk3u88fY,TOP60,0,,3066815.646025,0.3166082224089315,417.5407552386988,1787764073,2026-08-26T17:07:53+00:00,-8310.033,post-migration,True,False,False,False,380.75999977884,3066815.646025,0,0,2,0,380.75999977884,0,32.43654611609878,0.08422797089130864,0,32.43654611609878,0.0001241548380230665,,5tzFkiKscXHK5ZXCGbXZxdw7gTjjD1mBwuoFbhUvuAi9,5.068925,1783009888,2026-07-02T16:31:28+00:00,4jHiyyiBQwauCNPTxVmJ1oersADT6xQbV8qP6hXifnaiCtCVtzjKR7nb9z7y9Ec1m8miKMwWP42FvthX82om9roq,buy,gmgn,,,,1783009888,2026-07-02T16:31:28+00:00
39WXstnCmFteykU8rYNvEBnoJeEsoQGUcbyPFkTsgFRe,B3tfvnhmgqCe2ZRehRmYBXCWshRvcn72n2433LY77mi,TOP61,0,,2975420.064054,0.3071728353222073,405.0974313724227,1787737284,2026-08-26T09:41:24+00:00,-7863.55,post-migration,True,False,False,False,4570.517875136,25732677.717033,4066.45807794712,22757257.652979,58,41,4570.517875136,4066.45807794712,-101.5412705374723,-0.022204050214884613,-76.52813953433325,-25.01313100313905,0.0001776153234185449,0.00017868840525320532,5tzFkiKscXHK5ZXCGbXZxdw7gTjjD1mBwuoFbhUvuAi9,5.054,1787069154,2026-08-18T16:05:54+00:00,2xmUsRsZMUra2bH4wEC1CZGHZjWxRW4nW8QH6cn2ChDhW23QYxiufxEsLiS2BnpZxr42XDARPNaLQgqfPuskyAJx,buy,,,,,1787069154,2026-08-18T16:05:54+00:00
JDSHHcXQbGZhZdfxkREehneCdGHwgDCKTHhYDkc4qt62,6FzEoYLb1jfY6WqkMeVQLmiVvjN3nNrtZodQe787pCKj,TOP62,0,,2943727.914673,0.3039010393494555,400.78260925234133,1787670533,2026-08-25T15:08:53+00:00,-6751.033,post-migration,True,False,False,False,437.16908274814,2943727.914673,0,0,2,0,437.16908274814,0,-37.89902461321867,-0.08639300505758886,0,-37.89902461321867,0.00014850865821160728,,,,,,,buy,fomo,,,,0,
8P2vihRJqAqKThcmrzdSzuUcKHqXecdm3gPkx7F8YnnB,BxxaAeX83zrXtXSufe6hR4fqHY4Q5jdpqeqXsESTuA6X,TOP63,0,,2874795.038706,0.29678463006879496,391.3975374338437,1787435075,2026-08-22T21:44:35+00:00,-2826.733,post-migration,True,False,False,False,460.16439834106,2874795.038706,0,0,4,0,460.16439834106,0,-70.3989227903163,-0.15244578262064645,0,-70.3989227903163,0.0001600685934633409,,,,,,,buy,fomo,,,,0,
ApvaYkZwtvhscHdoXtVQbUcNWkgvevVCw6cYoXdUg9p3,BvNFBotyJ6Z48PQxPo9anToPFbmPSXBuDUAHHAwjHQnG,TOP64,0,,2870671.172893,0.29635889537352583,390.83608143361266,1787771184,2026-08-26T19:06:24+00:00,-8428.55,post-migration,True,False,False,False,954.72679662637,7313151.354767,629.99966769607,4442480.181874,6,44,954.72679662637,629.99966769607,65.43753537371265,0.06849241963354441,79.20589181985196,-13.768356446139308,0.0001305493008843638,0.00014181260059787442,max1pq1C9Bxzmy2VtFidxwxFFhjjo9ucNUi1A1w3gwh,110,1787094544,2026-08-18T23:09:04+00:00,5bPwC7tgqQJLvd8KsiQ35QqhK8sF7gNFAbGz9QqWJg6puHjCMih5hqESzXdxntW9xh7PExHSkNZz1C3Wkr3eGBzD,buy,,,,,1787094544,2026-08-18T23:09:04+00:00
4WVKXojv4VvEmB3cbx9bTvygqtGwBbNvx15P4qFuL8PD,CK7wKhaVx2U5rg4pGpwsgNy7UdKzBkazUn72LxPJkdNs,TOP65,0,,2861863.606984,0.29544963048510253,389.6369491263855,1787433982,2026-08-22T21:26:22+00:00,-2808.517,post-migration,True,False,False,False,1478.00028168504,2861863.606984,0,0,6,0,1478.00028168504,0,-1105.5012391954747,-0.7393973666315667,0,-1105.5012391954747,0.0005164467929492431,,EMXJqHznGSnSzeMyigBGQNEFw4EeaNDbj1UwaFTpp3sg,2.054498472,1785805490,2026-08-04T01:04:50+00:00,WNccyVoWze96xyuNKBGq82vPXwA3ts9PADQagN7uWnUnAW4Y3TC3u1Y6LBgsJCLDzLQaWHHvNNEktZEZxj92zs6,buy,padre,,,,1785805490,2026-08-04T01:04:50+00:00
2zH92eqHGp8k37tScEye4cZq5ABxChqmPLraXaHsHGKD,Bd4yHiHGr9ktv3QXdMumLetsQtLyM9CUhj98Z6hgFo9b,TOP66,0,,2848229.868021,0.29404212695176896,387.78074310672577,1787404135,2026-08-22T13:08:55+00:00,-2311.067,post-migration,True,False,False,True,2292.32389067949,14522491.591495,2721.74873488866,13273860.054667,36,16,2292.32389067949,2721.74873488866,284.97981884318693,0.10037850859284903,268.2537645058407,16.726054337346227,0.00015784646017780957,0.00020504576089241738,FzZ77TM8Ekcb6gyWPmcT9upWkAZKZc5xrYfuFu7pifPn,0.043146942,1739469528,2025-02-13T17:58:48+00:00,,transfer_in,,transfer_in,,,1739469528,2025-02-13T17:58:48+00:00
6uu3hHQinzVRFvpdy7m44RM8w221ACDxqXpmvLiLUFd6,EVutJfo2vd4VafTFB4QqvTQVviFvx1F9HtjRdVgNDPXS,TOP67,0,,2800000,0.28906302988705357,381.214344,1787550348,2026-08-24T05:45:48+00:00,-4747.95,post-migration,True,False,False,False,1901.40909939331,3984580.654085,697.43536922164,1184139.430635,6,3,1901.40909939331,697.43536922164,-2534.7811163945516,-0.3002030277010325,-2118.0259523945515,-416.75516400000004,0.00047719177109490344,0.0005889807831562852,ChGA1Wbh9WN8MDiQ4ggA5PzBspS2Z6QheyaxdVo3XdW6,0.001091936,1741576612,2025-03-10T03:16:52+00:00,,transfer_in,,,,,1741576612,2025-03-10T03:16:52+00:00
EXR8rzkzmuKT5w4MLu2t7Q9wgT9w6SXqik2bJRuqfG2Z,4KL9HBko771rxWQpZeXi822JEw5TqMyvCCryL5QaChVW,TOP68,0,,2697339.28311,0.2784646663604106,367.23729477007464,1787318801,2026-08-21T13:26:41+00:00,-888.833,post-migration,True,False,False,False,2515.1626251067,8049259.209417,731.61756725877,5351919.926307,17,9,2515.1626251067,731.61756725877,-1417.3823682712755,-0.5632944108780314,-1009.5181532441267,-407.8642150271487,0.0003124713168839385,0.00013670188966440872,BmFdpraQhkiDQE6SnfG5omcA1VwzqfXrwtNYBwWTymy6,2.8674,1777086597,2026-04-25T03:09:57+00:00,5kfwsYYkrvTBVAVuArH58sSLdQQifjiPLzFfcDh6T1gLW9BMuje7Nt4K7DbejsevRKBFPRRq4ddNK5xmbbkP9EUJ,buy,,,,,1777086597,2026-04-25T03:09:57+00:00
36Pcc8mrMgmgvFAvCpXoigZ527UnMST2PvfexUYrCkbD,5LiCAz5oDvhr7vGYyVeZYfe4nZCzSju6wXTMrTJ65CEK,TOP69,0,,2672964.140777,0.2759482547544445,363.9186683792242,1787288512,2026-08-21T05:01:52+00:00,-384.017,post-migration,True,False,False,False,864.01338061954,2672964.140777,0,0,10,0,864.01338061954,0,-506.2339190139859,-0.5817760314091047,0,-506.2339190139859,0.00032324166547493643,,UMvU6zumVJA7FXHBUUyHP7AfDHQBhjTFpHHwad5dCWj,0.82,1753781941,2025-07-29T09:39:01+00:00,,buy,fomo,,,,1753781941,2025-07-29T09:39:01+00:00
4uLhWtDo89s4bDw6RyEcv1Zo1f6F76VRQymod5m1eMfS,2MT2sbLM5eP6BoAAoMBp2mkCrA6j2pJPNovjvWxy4muj,TOP70,0,,2640896.3618,0.27263767998557303,359.55270504841917,1787270676,2026-08-21T00:04:36+00:00,-86.75,post-migration,True,False,False,False,1592.66426503868,2640896.3618,0,0,5,0,1592.66426503868,0,-1234.0396260352209,-0.7743759818397696,0,-1234.0396260352209,0.0006030771551948146,,86owief5XCuXSjC6Ya2F3FmSRStT6KKNksWYT8Ksoe6J,5,1741532626,2025-03-09T15:03:46+00:00,,buy,axiom,,,,1741532626,2025-03-09T15:03:46+00:00
4DBHJfr3eKm2iaXaQnS3zk3jvgY6ok4qbKTiBSE7aJnh,2pCs3XSSKj7zzioaopZAFr56dawBmtgv9EQuTqqe4Jc7,TOP71,0,,2640786.506349,0.272626338860746,359.5377484506735,1787458977,2026-08-23T04:22:57+00:00,-3225.1,post-migration,True,False,False,False,638.36418111443,2640786.506349,0,0,5,0,638.36418111443,0,-279.07949226012653,-0.4370058846978555,0,-279.07949226012653,0.0002417325973075331,,5tzFkiKscXHK5ZXCGbXZxdw7gTjjD1mBwuoFbhUvuAi9,2.57542,1740738099,2025-02-28T10:21:39+00:00,,buy,,,,,1740738099,2025-02-28T10:21:39+00:00
2wYTSzB7Fk61qTU3dcRdE8nFUpsgq3mV36JjtvydBehs,D514bKCqzCNe1hMe8eT3ABTXJfd6GxZ3NdJ56nJ52uTs,TOP72,0,,2579565.537886,0.26630608220484075,351.20263726079236,1787605112,2026-08-24T20:58:32+00:00,-5660.683,post-migration,True,False,False,False,600.78699605984,3034531.240094,100.24020621048,454965.702208,5,2,600.78699605984,100.24020621048,-153.2745236051776,-0.2534647290620979,-0.6794824281847262,-152.59504117699288,0.00019798346054965298,0.00022032475354516384,,,,,,buy,fomo,,,,0,
6d81QTVgkKXBBtcVkkrjVEEzkvkrsQafmEe1MmMi4hhf,By9T65jiVyjGTK6fop7tCP9V1coKb6zJKPfq59Ffwi7U,TOP73,0,,2443049.561606,0.25221261015788154,332.6162628525425,1787309650,2026-08-21T10:54:10+00:00,-736.317,post-migration,True,False,False,False,1329.57834840285,3923090.626211,1867.06616038232,1480041.064605,24,1,1329.57834840285,1867.06616038232,868.8160612282026,0.6528199119243009,1369.2216397121729,-500.4055784839703,0.00033891094422332615,0.0012614961875268042,is6MTRHEgyFLNTfYcuV4QBWLjrZBfmhVNYR6ccgr8KV,0.9967,1757825124,2025-09-14T04:45:24+00:00,,buy,,,,,1757825124,2025-09-14T04:45:24+00:00
523vCeJLoxM26JYU8abM9XhW9TALC9UuupqZ5wbQAECX,7zrKaCp3ZYp4ZT5bsfkomkg5krBefb8U4JFYQkbEZP5q,TOP74,0,,2379726.851865,0.24567537646559873,323.995003833179,1787681582,2026-08-25T18:13:02+00:00,-6935.183,post-migration,True,False,False,True,0,0,29.34510171516,273151.433692,0,1,0,29.34510171516,-53.60037880978132,-0.13171552320317023,-3.632848912611505,-49.96752989716981,,0.0001074316225198691,EMXJqHznGSnSzeMyigBGQNEFw4EeaNDbj1UwaFTpp3sg,2.716865098,1786023502,2026-08-06T13:38:22+00:00,3fuJ9mHCE1AzxmQ5a5Bh2xaRTrZBCfmfUYVuJJTgBHmJhcDeU1qkoBN3nKcLPDDNFxP94jj9subpB1amnBM1rxU1,transfer_in,,transfer_in,,,1786023502,2026-08-06T13:38:22+00:00
Dr3hocX2gnLfSgLXiQ6wdDNnGsV65U7ZgNbBfv51Ya6Z,GSupRugHzKPSRCmvrRaHtguG9F6QYqPqXdki2R776xyn,TOP75,0,,2330619.206581,0.24060566048830884,317.3090971252058,1787269702,2026-08-20T23:48:22+00:00,-70.517,post-migration,True,False,False,False,1597.55250204949,2330619.206581,0,0,8,0,1597.55250204949,0,-1282.927901407764,-0.8017111856455628,0,-1282.927901407764,0.0006854626862845977,,,,,,,buy,fomo,bundler,,,0,
3JrtmrHgcHFZ4QgdN7cyKTaAHXVSKo1TKKbW2JGVe3mq,ChobagFsafCRALxHEHktRPXpsDDqf91FNJuYn57imm3s,TOP76,0,,2266686.038322,0.23400540501429976,308.60472541174283,1787476176,2026-08-23T09:09:36+00:00,-3511.75,post-migration,True,False,False,False,759.36201462088,2787204.323785,292.52235795687,520518.285463,7,1,759.36201462088,292.52235795687,-162.19029409458722,-0.21248080927177176,92.90646911868,-255.0967632132672,0.000272445765149242,0.0005619828661670779,GJRs4FwHtemZ5ZE9x3FNvJ8TMwitKTh21yxdRPqn7npE,3.69193524,1786280510,2026-08-09T13:01:50+00:00,4PHKLZfxnyXR3jAfRbTJSYiYUQdXBbUCv1KLr48Ap7bJuqfG1jmuhCj49mjvy69ZLTezLWi4skPgjECYxxwgG9ck,buy,fomo,,,,1786280510,2026-08-09T13:01:50+00:00
67GCCJWjdLhoV6vp6Hsu9qVyGxsuoa3Grac3S6cghx5J,GRWr89yFsp1aFY3m1G2oRGvVmN7abQivW2x9k9RxwngY,TOP77,0,,2250179.877072,0.2323013618061822,306.3574449000011,1787268632,2026-08-20T23:30:32+00:00,-52.683,post-migration,True,False,False,False,1259.10177571365,2250179.877072,0,0,20,0,1259.10177571365,0,-965.1624789084187,-0.7590620176973646,0,-965.1624789084187,0.0005595560552928019,,,,0,,,buy,fomo,bundler,,,0,
2Xx5BdEQMNdzctSksKW6QsgZUtMEtVCf9TKAi8zGfdwy,4zUuNFn7r1ibFJezxze1Q7FYFviRFkAgZvWSCEKNk2Ag,TOP78,0,,2188341.437516,0.22591735941277333,297.93826626809965,1787557176,2026-08-24T07:39:36+00:00,-4861.75,post-migration,True,False,False,True,1776.97053577622,4289606.559614,1241.27744290828,2101425.442685,33,5,1776.97053577622,1241.27744290828,-238.94682858084334,-0.1343829989473545,-187.96026130445668,-50.986567276386666,0.00041425023742413354,0.0005906835511243713,F7p3dFrjRTbtRp8FRF6qHLomXbKRBzpvBLjtQcfcgmNe,0.648660135,1787048176,2026-08-18T10:16:16+00:00,9oA1tCuqY2PTznHCGhSZu55Hv6CvaP3Ztiea8b8qKuNmZrcV2gJFBdbChQ9b7FeoSoMi7FG5Dp2imTw14xZNGRU,buy,,transfer_in,,,1787048176,2026-08-18T10:16:16+00:00
3iFK3QqnQztW2wLGQ4x3ewr7jqEsfsktqfNcqsxoxXxL,8a84fQ1DtKrmXy1Mc4QNUppdcnZxJQnhnTCz8jHHG1Wz,TOP79,0,,2164186.674541,0.22342369906571719,294.6496440816745,1787691961,2026-08-25T21:06:01+00:00,-7108.167,post-migration,True,False,False,False,189.79361153576,2164186.674541,0,0,5,0,189.79361153576,0,104.60152562709453,0.5503949551181349,0,104.60152562709453,8.769743098802378e-05,,FWznbcNXWQuHTawe9RxvQ2LdCENssh12dsznf4RiouN5,7.24436297,1748963647,2025-06-03T15:14:07+00:00,,buy,axiom,,,,1748963647,2025-06-03T15:14:07+00:00
As2r5fWX1Yvf3RzscLtRvurxeZvGWi1xH8gHY1JyNDaa,EgsYDfGrJVSjcfwsvD8DLgafrbv5s9ZN6aQ5txCWm2sJ,TOP80,0,,2118830.597283,0.21874128295286407,288.4745057822739,1787465389,2026-08-23T06:09:49+00:00,-3331.967,post-migration,True,False,False,False,986.98099295824,2771127.994272,622.94903092188,652297.396989,19,1,986.98099295824,622.94903092188,-77.30357584112357,-0.07818494593732865,362.62869190628,-439.93226774740356,0.0003561657906088631,0.0009550076909664336,is6MTRHEgyFLNTfYcuV4QBWLjrZBfmhVNYR6ccgr8KV,0.20373656,1756278377,2025-08-27T07:06:17+00:00,,buy,,,,,1756278377,2025-08-27T07:06:17+00:00
7CMXj1vVhskMd9TPQdqQYHjMZb7Ms4Puy6ewFn3B8ro,25R665faFnSnCM1xhiXzxhyYMHLw81LUHBq5DL9E1xZE,TOP81,2,meteora_dlmm,2078313.749041,0.21455845334061177,282.9582187381591,1787266273,2026-08-20T22:51:13+00:00,-13.367,post-migration,False,False,False,False,0,0,0,0,0,0,0,0,-3.157639531488134,-0.6599691328235454,-2.87442133403562,-0.2832181974525139,,,,,,,,,,,,,0,
HsPbAiZVEYB3A8J6xsV8zm3pYebmzvCKFmBeHLvEjCFy,GEkMXs1Bd7MCh8zMDtpLdgMyCeiKFNPMgf82gXi8HkXu,TOP82,0,,2077281.645813,0.21445190230981107,282.8176999685154,1787487637,2026-08-23T12:20:37+00:00,-3702.767,post-migration,True,False,False,False,682.9398940513,2077281.645813,0,0,3,0,682.9398940513,0,-403.08330433988465,-0.5876697975479961,0,-403.08330433988465,0.0003287661523548547,,CHCAMWtnmgyjsJqHcq5MdeDdg4X3Ux1XAwA2rMCXj1Ac,0.016617847,1782750753,2026-06-29T16:32:33+00:00,2Tp1Rq5tVkgCxrcxDgJbtvQkyYmNq1Fp2qMZvX8i2CTKYUcmnQTkC3E9vSnH22W6xTMm3dbDyYCya3mdMb9kMz8b,buy,"fomo,padre",,,,1782750753,2026-06-29T16:32:33+00:00
Ekva8dVweVY5S3RV8MB11saFfeVcvpaxB5KmuSW3eecv,9j7y6fd14RpYK3E9s32Znk3nGPZfUjjvYhknNhXQocpK,TOP83,0,,2043476.062374,0.21096192217553364,278.2151380705741,1787268292,2026-08-20T23:24:52+00:00,-47.017,post-migration,True,False,False,False,4876.1027807086,2043476.062374,0,0,2,0,4876.1027807086,0,-4624.765650985275,-0.9432559191968299,0,-4624.765650985275,0.002386180523712036,,CrL8Kd5ujHFBfMgzshxtXSyiv46pguRLU1Ro3T1qHqmj,5,1778439349,2026-05-10T18:55:49+00:00,uSfmusFG15T93r7GvG9kAd6BTManZJkuwhqbq2VE5XvesSgqP2T3YMgsFRidC4yJY5JCKGfcNSNtp7PiutSYdrS,buy,fomo,bundler,,,1767601498,2026-01-05T08:24:58+00:00
G5XAUooJ3gZ11ahBsoKwkeTzbn3EWBhYAm7YEzKRXvbJ,6TdG2qWV4c6mvX5iGqzDAFYmqDq43VeEZARgKTYkAc2c,TOP84,0,,2030302.603369,0.20960193647050568,276.42159823743054,1787695615,2026-08-25T22:06:55+00:00,-7169.067,post-migration,True,False,False,False,187.19732829168,2030302.603369,0,0,1,0,187.19732829168,0,88.91842486143054,0.47422357318253205,0,88.91842486143054,9.220168854684643e-05,,4NeMqm2cipBByuSdESyiAwRbRuiEvF1c4iR8CwcVmAP3,0.412965655,1786067242,2026-08-07T01:47:22+00:00,25tJbfoeb36b3Y6w1ZcPZogPVY9rXrfMyk6XWcSD2xAqkKav3vnhhRUunbVHNNF5TRCUEbfHKUJJSjeJJeBBF5p9,buy,fomo,,,,1786067242,2026-08-07T01:47:22+00:00
5nsM7UhNUoMZYJNFc8DdhCXTeaGtXy6MabcA5rkCi9va,9UovX9DTxMv1CNR3WYBJXyEiEJ33mcFafjCBWGkSrcWd,TOP85,0,,1992938.556401,0.20574459196142988,271.3345587181122,1787520044,2026-08-23T21:20:44+00:00,-4242.883,post-migration,True,False,False,False,659.61833440589,1992938.556401,0,0,4,0,659.61833440589,0,-388.48557329187776,-0.5887749622134838,0,-388.48557329187776,0.00033097775758680637,,5tzFkiKscXHK5ZXCGbXZxdw7gTjjD1mBwuoFbhUvuAi9,3.671324,1783366732,2026-07-06T19:38:52+00:00,Pfu2sL1wbzMzkdmV9dQS94vVgAoRTV2gZtzuMNYbWK4KvaoBRhPAq4agwu9YWcM47o6uDqSJNkHahMyNZuFBztB,buy,,,,,1783366732,2026-07-06T19:38:52+00:00
FGtMzhL1UrD4jEF17B7PH5EZh2cVLQQ8CuUN81z19VHC,BqqN2ss6r7pgv3ekfvADqBrmcTmNvVYbhTrtuLJ36uQX,TOP86,0,,1982460.540155,0.204662875131689,269.90799797181216,1787271643,2026-08-21T00:20:43+00:00,-102.867,post-migration,True,False,False,False,1012.84483142687,1982460.540155,0,0,8,0,1012.84483142687,0,-743.5693210430878,-0.7336812645850203,0,-743.5693210430878,0.0005109028961291103,,9uePTSTwcMTgZZsyZ7bY5cAXXdZ6W37pjHmdKBCBwx6z,0.05,1737352089,2025-01-20T05:48:09+00:00,,buy,,,,,1737352089,2025-01-20T05:48:09+00:00
149iCKvEBdK39mRKJGoX8mC54uzoWM1BAnQ2CMUwe3hQ,9Ea7REnHrjGv4vpX5MvMczzwLeEnYMsS91CTe1fisfFp,TOP87,0,,1973169.251601,0.20370367226705538,268.6430078035879,1787347260,2026-08-21T21:21:00+00:00,-1363.15,post-migration,True,True,False,False,550.17827883072,1973169.251601,0,0,1,0,550.17827883072,0,-281.82681403733204,-0.5119750490496043,0,-281.82681403733204,0.0002788297447795285,,2snHHreXbpJ7UwZxPe37gnUNf7Wx7wv6UKDSR2JckKuS,24.655828291,1787390494,2026-08-22T09:21:34+00:00,37PqK3weLWxkvLnu41kpykQFTh72qrBm4dX1QQG1D3UZSfSEVdQ86kyaEMsCuyyrRvA5DX1XHoAsqZ3VnBn8DSmR,buy,fresh_wallet,,,,1787390494,2026-08-22T09:21:34+00:00
F8Y1SSemRKZyTT8uBhmFy4kpS57xBHb34dn5EKCPZ6tu,CXTEnsVHVPDWGieRZVBwQXfLDdXQnXxyoYfcrqZuxgZR,TOP88,0,,1857045.266864,0.19171540409897134,252.8329618520945,1787296102,2026-08-21T07:08:22+00:00,-510.517,post-migration,True,False,False,False,1478.48889985193,1857045.266864,0,0,2,0,1478.48889985193,0,-1226.3256565531055,-0.8290697436325699,0,-1226.3256565531055,0.0007961512442551604,,G4bbj16zDUVvJhUjRh8QphE21aTSP2rwKFQyjq2nKDtB,0.163431113,1769894227,2026-01-31T21:17:07+00:00,53JwgZUL3SFc4vLhr9Sr2ZXt3RWFKgFLeDxHsxowuMYDYbiaZegCD27piH29V1pF7yvRV9rJ8NrwE22BLsFySBR5,buy,,,,,1769894227,2026-01-31T21:17:07+00:00
HX8jXnkcQW3KaEtQHeXmwZKfZbUtbN8JUaydG5jscw5V,2LPT9wjCfpBSn2iRgTXWvTqa4yqH5wdRtTw8adLJPUiX,TOP89,0,,1856766.922192,0.1916866686867424,252.79506578725798,1787264986,2026-08-20T22:29:46+00:00,8.083,final-ten-minutes,True,False,False,False,6192.29259237873,31747994.503062,20890.78410095414,29891227.58087,17,25,6192.29259237873,20890.78410095414,14942.727067806049,2.4097860792989447,14916.28444541686,26.442622389187477,0.00019504515763291762,0.0006988934811872355,F7p3dFrjRTbtRp8FRF6qHLomXbKRBzpvBLjtQcfcgmNe,1.715143796,1785055443,2026-07-26T08:44:03+00:00,2qXQrD5WqDnTEPRP4WuJpXLEvdB9C5AY6jCbwiRE5hap4jgEB37F2V1g4Y3tuW8eTENVqc8Cj39dLj4pGjb5UC4U,buy,,,,,1785055443,2026-07-26T08:44:03+00:00
2BFxTEVTiQHb8oPgkimveNo2cjgYjjEo26TQtWrRn41U,5t6uuuyoZKkpn5NPXm5Q73ALhjKpHrjtRT5PbCsgTbnp,TOP90,0,,1821138.542195,0.18800850887534948,247.944333819994,1787751025,2026-08-26T13:30:25+00:00,-8092.567,post-migration,True,False,False,False,238.83369127632,1821138.542195,0,0,2,0,238.83369127632,0,8.987582139093973,0.03761175223496461,0,8.987582139093973,0.00013114526201200274,,B2jMGA2tjDb3ggqxZ97qN18TZMWJRXaWmMcgvkocSVQT,0.1,1766564461,2025-12-24T08:21:01+00:00,XXtRVCDgFAGoaKBenEyrQB73zUubrzuTM8nwru6cykq4PovLwtfhRF2uCuHtmEL7q7d8uGczVxjN3f6o6qyK8x5,buy,,,,,1767786747,2026-01-07T11:52:27+00:00
6iE2JHaih2QV554raZi6Lt7WjFgniUh7vXuQSJL9VBaW,9iG9awJPmgmJQNWnuKWEd7ExTcbuL8TXHWEWZreQS7yG,TOP91,0,,1803354.338194,0.1861725246279714,245.52305036934996,1787766629,2026-08-26T17:50:29+00:00,-8352.633,post-migration,True,True,False,False,1262.33530811538,4220386.192019,685.84569457659,2417031.853825,15,7,1262.33530811538,685.84569457659,-345.05828081083007,-0.27033138115063915,-383.9379129378911,38.87963212706106,0.0002991042171691612,0.00028375533962915126,FuNwwgKH52SYov3DFvuWs3nyqsfJbDxVX5gMtvskfbU5,20.332033985,1787600020,2026-08-24T19:33:40+00:00,3T8VSgJEZB1kz3kbmqpNXg1exWrQ7wjnFSsF5ZSNcpyzY8GBs1b3AvdPRCrbVM4QAP5TWbMCA4Qs5GqKtEzHaZur,buy,"fomo,fresh_wallet",bundler,,,1787600020,2026-08-24T19:33:40+00:00
FdVskw7cj3LeZkM4MStk7YmQL6ejHsas1afSnBRKA7MC,Afhj5H4kj294wU6wpHMzX1wkuCkzLwZXHat5V1nSqPnE,TOP92,0,,1789032.225355,0.18469395558096227,243.57312363698802,1787274805,2026-08-21T01:13:25+00:00,-155.567,post-migration,True,False,False,True,226.53089886523,424239.269475,0,0,21,0,226.53089886523,0,-729.3596983660967,-0.7496506252759394,0,-729.3596983660967,0.0005339696609075442,,5tzFkiKscXHK5ZXCGbXZxdw7gTjjD1mBwuoFbhUvuAi9,0.077722,1787097105,2026-08-18T23:51:45+00:00,oxjzLjQ8BAnCksvuWL8cwKsthmvrZRRJqt9BEDXXYsVzuD5TE27zicTmFcLfTxnw42tUPSYgLPgMpzuCqTbsc7F,transfer_in,axiom,transfer_in,,,1787097105,2026-08-18T23:51:45+00:00
CYHtsZenR9dJQ41XfKbvG8J3BndjpkrtyvFquGSFUd4q,9X5WNiSQr3epSf8YMDdDDrRmLQmw8No3b2yesoMJmuNS,TOP93,0,,1758678.184053,0.18156030159950767,239.44048222888418,1787270751,2026-08-21T00:05:51+00:00,-88.0,post-migration,True,False,False,False,586.74501188194,1758678.184053,0,0,8,0,586.74501188194,0,-352.40197116595243,-0.595432059908102,0,-352.40197116595243,0.00033362841320391204,,,,0,,,buy,fomo,bundler,,,0,
3YEyUKf1F1ujhW8QFJzSCpwYCFemovbFkU2z3Z6wd8e1,DduAuwbLouuP412XqF2cq56qwYt3VZitt8vrdu445uMh,TOP94,0,,1720548.744387,0.1776239404003114,234.2492360398264,1787267765,2026-08-20T23:16:05+00:00,-38.233,post-migration,True,False,False,False,3886.85624724703,1720548.744387,0,0,3,0,3886.85624724703,0,-3665.7136088892034,-0.9399355210923582,0,-3665.7136088892034,0.0022590794128485125,,,,0,,,buy,fomo,bundler,,,1763603110,2025-11-20T01:45:10+00:00
9v7pNQFtRaFgqGWMydLgvcKJacRiEcwQ52AmT3MueG9Y,6bkQjZh86jAYzcjWtGBzJtNVxKkZCwdRjsMa6x5RCdy3,TOP95,0,,1648411.369751,0.17017670894303297,224.42787820063177,1787700808,2026-08-25T23:33:28+00:00,-7255.617,post-migration,True,False,False,True,0,0,0,0,0,0,0,0,77.09049979304311,0.5232243211208958,0,77.09049979304311,,,,,,,,transfer_in,fresh_wallet,transfer_in,,,0,
73zm5te9V3yLoiESNy1qC7Trq2yXP8zMfK19HHNdiZFr,4wckRK4XRCHTA6JULXBWSFXAuoteGywnLMugaiZbxUvA,TOP96,0,,1609930.036675,0.16620401939551815,219.18872243462718,1787716533,2026-08-26T03:55:33+00:00,-7517.7,post-migration,True,False,False,False,285.59020835581,1609930.036675,0,0,1,0,285.59020835581,0,-66.73910673837284,-0.23341242064966156,0,-66.73910673837284,0.00017739293127646804,,5tzFkiKscXHK5ZXCGbXZxdw7gTjjD1mBwuoFbhUvuAi9,298.564136,1777116525,2026-04-25T11:28:45+00:00,2Q6wKfRRuEEZKLduxMv2kN9QjUTcV2fR2xD1FDhguAqXt4h7rbcutqpt6xX4t9PW9ZczduJXUgWj7ae7zFvsBwtF,buy,,,,,1777116525,2026-04-25T11:28:45+00:00
A3DvRLMk73rMt8vU9UEtv4hMZotnX4JYPZt4NqiFe651,8J2V2Vq5cjmsvCh26ujMTZPS3Xf17fMxYGFbUXJ1eBVB,TOP97,0,,1579080.120212,0.1630191728510334,214.98856862502097,1787500053,2026-08-23T15:47:33+00:00,-3909.7,post-migration,True,False,False,False,506.52466639261,1579080.120212,0,0,5,0,506.52466639261,0,-292.00162748446905,-0.5759512308624763,0,-292.00162748446905,0.00032077198611341285,,2enAUdDdaSnNCuAP6cYNoEpAHoTazpkpi7EzirX41ov3,0.080965938,1782404364,2026-06-25T16:19:24+00:00,2tZGvPaiB5Nguu2Xv7zeYjExEtQ1rAhoLggaVA33FHxngfLtdS57NqZXRLhqrJTRjjULpTzQ1UXhn9A2r9kM1uJw,buy,,,,,1782404364,2026-06-25T16:19:24+00:00
2KyfhTZi8vph92J5NLqZqnJot3gJwrumzJhenJchA1FH,34G1sfv5NExsNmTPtNrCpQYaFRrX7b5nQ37kxgdijLuQ,TOP98,0,,1566721.85674,0.1617433453212624,213.3060160170004,1787390830,2026-08-22T09:27:10+00:00,-2089.317,post-migration,True,False,False,False,934.63782166838,1566721.85674,0,0,1,0,934.63782166838,0,-721.9022939295396,-0.771916038653256,0,-721.9022939295396,0.0005965563176690172,,3mDwijBfu7EfV5kcdydJhGBjA1627KQa3uthcAJd2GXx,20,1776815100,2026-04-21T23:45:00+00:00,2NvTLYwHxgSLWhSGyE1Q5BaPeAXk3TPVay8kujHrZTXpWrYK9ESuxxRyw2y1JrUBe6ewAn23hLM1Uc5GznDa1k8V,buy,gmgn,,,,1776815100,2026-04-21T23:45:00+00:00
84WwXY3KV3oETbWTLrJq3RoU3RvLRNXGw1b7Jbcz2hsK,7bFxexmL8WkTftpkituDqDzMu4yExvEm8NQHuMCZZYgU,TOP99,0,,1514066.040129,0.15630732750313645,206.1370329501623,1787785860,2026-08-26T23:11:00+00:00,-8673.15,post-migration,True,False,False,False,1221.94315106296,3872990.84356,1016.42386748846,2358171.85231,6,9,1221.94315106296,1016.42386748846,0.3313168320014128,0.00027100048860202253,16.798077969479117,-16.466761137477704,0.0003155037541838768,0.0004310219658049091,5tzFkiKscXHK5ZXCGbXZxdw7gTjjD1mBwuoFbhUvuAi9,12.808,1787156152,2026-08-19T16:15:52+00:00,5t14Wca3vaWZv1Be4pxJ4WKT6BUnmieqfxP4P6Vh46Cj5kAJnThCZL8hhYjSHvrSUpmSLsirSrHE77B9TvVMcQi4,buy,fresh_wallet,,,,1787156152,2026-08-19T16:15:52+00:00
9FYLKEadpmmFjm3GohpEhLHbtWQfTkMhWCphJeSY7kxA,9mmxT46WGcpeJZfZqrq4GQevxGNB5JtyoN27cxhAQBo3,TOP100,0,,1503671.572413,0.15523423595597566,204.7218471674537,1787541001,2026-08-24T03:10:01+00:00,-4592.167,post-migration,True,False,False,False,459.3554435962,1503671.572413,0,0,3,0,459.3554435962,0,-254.67955251624636,-0.5543726089898603,0,-254.67955251624636,0.00030548921188890637,,H9eugC8FXRqWgDzFcALpeASZTEGzrrNjv3ZL9oiLUbEM,0.061900754,1773750991,2026-03-17T12:36:31+00:00,ieF9Ts4ShVmsamaxizy7jiGo5jTUo2ySNvL7K4itq97mdpcCRB6W1qKNNNNC8UGpFawMB6rEaGrAwk4TYWGUvj4,buy,,,,,1773976322,2026-03-20T03:12:02+00:00
