wallet,requested_period,code,msg,data.twitter_bind,data.twitter_fans_num,data.twitter_username,data.twitter_name,data.ens,data.avatar,data.name,data.eth_balance,data.sol_balance,data.trx_balance,data.bnb_balance,data.balance,data.total_value,data.unrealized_profit,data.unrealized_pnl,data.realized_profit,data.pnl,data.pnl_1d,data.pnl_7d,data.pnl_30d,data.realized_profit_1d,data.realized_profit_7d,data.realized_profit_30d,data.winrate,data.all_pnl,data.total_profit,data.total_profit_pnl,data.buy_1d,data.sell_1d,data.buy_30d,data.sell_30d,data.buy_7d,data.sell_7d,data.buy,data.sell,data.history_bought_cost,data.token_avg_cost,data.token_sold_avg_profit,data.token_num,data.profit_num,data.pnl_lt_minus_dot5_num,data.pnl_minus_dot5_0x_num,data.pnl_lt_2x_num,data.pnl_2x_5x_num,data.pnl_gt_5x_num,data.last_active_timestamp,data.tags,data.tag_rank.axiom,data.followers_count,data.is_contract,data.updated_at,data.refresh_requested_at,data.avg_holding_peroid,data.risk.token_active,data.risk.token_honeypot,data.risk.token_honeypot_ratio,data.risk.no_buy_hold,data.risk.no_buy_hold_ratio,data.risk.sell_pass_buy,data.risk.sell_pass_buy_ratio,data.risk.fast_tx,data.risk.fast_tx_ratio,data.tag_rank.gmgn,data.tag_rank.photon,data.tag_rank.kol
5xVpr2eKDMPE5KxqmwnRguMGZn6wYNsVUP7v5Nsn9bGo,30d,0,success,False,0,,,,,,263.10727124,263.10727124,263.10727124,263.10727124,263.10727124,0,0,0,40122.004248493344,0.3389997549079786,0,0.3492654544397324,0.3389997549079786,0,15784.072585157135,40122.004248493344,,0.14691944516320576,186993.6414997289,0.14691944516320576,0,0,453,1007,137,414,453,1007,,,,,,,,,,,1787795128,"[""axiom""]",,0,False,1787795128,,,19,0,0,20,0.5128205128205128,0,0,3,0.15789473684210525,,,
5xVpr2eKDMPE5KxqmwnRguMGZn6wYNsVUP7v5Nsn9bGo,7d,0,success,False,0,,,,,,263.10727124,263.10727124,263.10727124,263.10727124,263.10727124,0,0,0,40122.004248493344,0.3492654544397324,0,0.3492654544397324,0.3389997549079786,0,15784.072585157135,40122.004248493344,,0.14691944516320576,186993.6414997289,0.14691944516320576,0,0,453,1007,137,414,137,414,,,,,,,,,,,1787795128,"[""axiom""]",,0,False,1787795128,,,19,0,0,20,0.5128205128205128,0,0,3,0.15789473684210525,,,
BpkUrCNKAiiSx9m5jnUCTEQsqPnftGVwzNA6tP4YQU97,7d,0,success,False,0,,,,,,2.373850646,2.373850646,2.373850646,2.373850646,2.373850646,0,0,0,22366.245635546118,1.300041068382678,0,1.300041068382678,1.0373300874019682,0,17393.89603017331,22366.245635546118,,0.706830444630147,20484.917643481836,0.706830444630147,0,0,311,210,119,77,119,77,,,,,,,,,,,1787788772,"[""axiom""]",,0,False,1787788772,,,,,,,,,,,,,,
BpkUrCNKAiiSx9m5jnUCTEQsqPnftGVwzNA6tP4YQU97,30d,0,success,False,0,,,,,,2.373850646,2.373850646,2.373850646,2.373850646,2.373850646,0,0,0,22366.245635546118,1.0373300874019682,0,1.300041068382678,1.0373300874019682,0,17393.89603017331,22366.245635546118,,0.706830444630147,20484.917643481836,0.706830444630147,0,0,311,210,119,77,311,210,,,,,,,,,,,1787788772,"[""axiom""]",,0,False,1787788772,,,,,,,,,,,,,,
5ih6q7x839yQR18UvgsyB7n23i4he4wyEzsD3TSu6tr3,30d,0,success,False,0,,,,,,4.650701471,4.650701471,4.650701471,4.650701471,4.650701471,0,25.96113440884075,0.000391522100189006,10791.004888727966,0.15892573015585304,0,0.1645591340615349,0.15892573015585304,0,11051.858393767103,10791.004888727966,,0.15892573015585304,10816.966023136807,0.15930807566344418,0,0,364,469,357,464,364,469,,,,,,,,,,,1787779956,[],,0,False,1787779956,,,,,,,,,,,,,,
5ih6q7x839yQR18UvgsyB7n23i4he4wyEzsD3TSu6tr3,7d,0,success,False,0,,,,,,4.650701471,4.650701471,4.650701471,4.650701471,4.650701471,0,25.96113440884075,0.000391522100189006,10791.004888727966,0.1645591340615349,0,0.1645591340615349,0.15892573015585304,0,11051.858393767103,10791.004888727966,,0.15892573015585304,10816.966023136807,0.15930807566344418,0,0,364,469,357,464,357,464,,,,,,,,,,,1787779956,[],,0,False,1787779956,,,,,,,,,,,,,,
EDXHdSFdadFbYFFjxPXBqMe1kCEDFqpPu552uvp48HR8,7d,0,success,True,2250,ClownsTrenches,Clown,,https://gmgn.ai/defi/images/twitter/56f58a9ca6936a2fa372dc864265785a.jpg,Clown,89.032711496,89.032711496,89.032711496,89.032711496,89.032711496,0,0,0,40839.43375412514,0.034560146396172636,0,0.034560146396172636,0.04597618609896677,0,10620.560147788141,40839.43375412514,,0.016121962734852727,122867.48748076583,0.016121962734852727,0,0,10407,6305,3106,1780,3106,1780,,,,,,,,,,,1787796225,"[""axiom"", ""gmgn""]",,2250,False,1787796225,,,275,0,0,1,0.0036231884057971015,4,0.014545454545454545,6,0.02181818181818182,,,
EDXHdSFdadFbYFFjxPXBqMe1kCEDFqpPu552uvp48HR8,30d,0,success,True,2250,ClownsTrenches,Clown,,https://gmgn.ai/defi/images/twitter/56f58a9ca6936a2fa372dc864265785a.jpg,Clown,89.032711496,89.032711496,89.032711496,89.032711496,89.032711496,0,0,0,40839.43375412514,0.04597618609896677,0,0.034560146396172636,0.04597618609896677,0,10620.560147788141,40839.43375412514,,0.016121962734852727,122867.48748076583,0.016121962734852727,0,0,10407,6305,3106,1780,10407,6305,,,,,,,,,,,1787796225,"[""axiom"", ""gmgn""]",,2250,False,1787796225,,,813,0,0,1,0.0012285012285012285,32,0.03936039360393604,23,0.028290282902829027,,,
HX8jXnkcQW3KaEtQHeXmwZKfZbUtbN8JUaydG5jscw5V,7d,0,success,False,0,,,,,,0.040392966,0.040392966,0.040392966,0.040392966,0.040392966,0,0,0,27744.204676527126,0.06659311910669266,0,0.06659311910669266,0.2011395808022803,0,3073.172300309044,27744.204676527126,,0.20113958080228034,27744.204676527126,0.20113958080228034,0,0,571,415,193,119,193,119,,,,,,,,,,,1787793209,[],,0,False,,,,,,,,,,,,,,,
HX8jXnkcQW3KaEtQHeXmwZKfZbUtbN8JUaydG5jscw5V,30d,0,success,False,0,,,,,,0.040392966,0.040392966,0.040392966,0.040392966,0.040392966,0,0,0,27744.204676527126,0.2011395808022803,0,0.06659311910669266,0.2011395808022803,0,3073.172300309044,27744.204676527126,,0.20113958080228034,27744.204676527126,0.20113958080228034,0,0,571,415,193,119,571,415,,,,,,,,,,,1787793209,[],,0,False,,,,,,,,,,,,,,,
2yavzzNeqWjtUBXYR7Fx8RhdbWNHDfRcRhx6VuexLFjT,7d,0,success,False,0,,,,,,38.17317597,38.17317597,38.17317597,38.17317597,38.17317597,0,0,0,35400.42060174659,1.1821611786072146,0,1.1821611786072146,1.2570293859549042,0,13205.547741206805,35400.42060174659,,0.9053001431039193,38048.26308406372,0.9053001431039193,0,0,286,277,102,107,102,107,,,,,,,,,,,1787779624,[],,0,False,1787779624,,,1,0,0,1,0.5,0,0,0,0,,,
2yavzzNeqWjtUBXYR7Fx8RhdbWNHDfRcRhx6VuexLFjT,30d,0,success,False,0,,,,,,38.17317597,38.17317597,38.17317597,38.17317597,38.17317597,0,0,0,35400.42060174659,1.2570293859549042,0,1.1821611786072146,1.2570293859549042,0,13205.547741206805,35400.42060174659,,0.9053001431039193,38048.26308406372,0.9053001431039193,0,0,286,277,102,107,286,277,,,,,,,,,,,1787779624,[],,0,False,1787779624,,,1,0,0,1,0.5,0,0,0,0,,,
7obWefa4XK7KPZuLKia3zLHjGBkXwuMSRdaGNtZCcbyx,30d,0,success,False,0,,,,,,1.319117161,1.319117161,1.319117161,1.319117161,1.319117161,0,0,0,20187.386092177643,0.40233350280531455,0,0.5764508738953935,0.40233350280531455,0,11824.36353335875,20187.386092177643,,0.17693256815448102,245936.11605866445,0.17693256815448102,0,0,346,258,130,87,346,258,,,,,,,,,,,1787783962,"[""axiom"", ""photon""]",,0,False,1787783962,,,116,0,0,26,0.18309859154929578,0,0,5,0.04310344827586207,,,
7obWefa4XK7KPZuLKia3zLHjGBkXwuMSRdaGNtZCcbyx,7d,0,success,False,0,,,,,,1.319117161,1.319117161,1.319117161,1.319117161,1.319117161,0,0,0,20187.386092177643,0.5764508738953935,0,0.5764508738953935,0.40233350280531455,0,11824.36353335875,20187.386092177643,,0.17693256815448102,245936.11605866445,0.17693256815448102,0,0,346,258,130,87,130,87,,,,,,,,,,,1787783962,"[""axiom"", ""photon""]",,0,False,1787783962,,,28,0,0,26,0.48148148148148145,0,0,0,0,,,
Gmh3Wt423pU6GsS3FQyZjknifnAFW7g3J8HhbF2TrbZL,7d,0,success,False,0,,,,,,7.631627664,7.631627664,7.631627664,7.631627664,7.631627664,0,0,0,14294.410373478926,0.37103322322158744,0,0.37103322322158744,0.2692796301750091,0,8371.307212975073,14294.410373478926,,0.26212932337352823,2130985.6769629926,0.26212932337352823,0,0,485,253,169,84,169,84,,,,,,,,,,,1787783962,"[""axiom"", ""photon""]",,0,False,1787783962,,,30,0,0,40,0.5714285714285714,1,0.03333333333333333,0,0,,1,
Gmh3Wt423pU6GsS3FQyZjknifnAFW7g3J8HhbF2TrbZL,30d,0,success,False,0,,,,,,7.631627664,7.631627664,7.631627664,7.631627664,7.631627664,0,0,0,14294.410373478926,0.2692796301750091,0,0.37103322322158744,0.2692796301750091,0,8371.307212975073,14294.410373478926,,0.26212932337352823,2130985.6769629926,0.26212932337352823,0,0,485,253,169,84,485,253,,,,,,,,,,,1787783962,"[""axiom"", ""photon""]",,0,False,1787783962,,,123,0,0,40,0.24539877300613497,1,0.008130081300813009,5,0.04065040650406504,,1,
9GBsoKrngqmLcqf6ELncpEjVxAgGoaseuDBhVZrmtJer,7d,0,success,False,0,,,,,,100.454633687,100.454633687,100.454633687,100.454633687,100.454633687,0,0,0,6022.349395949935,0.0644120329285151,0,0.0644120329285151,0.022609607537910654,0,7911.526097220144,6022.349395949935,,0.022609607537910657,6022.349395949935,0.022609607537910657,0,0,1840,1790,589,716,589,716,,,,,,,,,,,1787795643,[],,0,False,,,,,,,,,,,,,,,
9GBsoKrngqmLcqf6ELncpEjVxAgGoaseuDBhVZrmtJer,30d,0,success,False,0,,,,,,100.454633687,100.454633687,100.454633687,100.454633687,100.454633687,0,0,0,6022.349395949935,0.022609607537910654,0,0.0644120329285151,0.022609607537910654,0,7911.526097220144,6022.349395949935,,0.022609607537910657,6022.349395949935,0.022609607537910657,0,0,1840,1790,589,716,1840,1790,,,,,,,,,,,1787795643,[],,0,False,,,,,,,,,,,,,,,
7fnq9wNj5WoMxasNcWNWS88peQjdWb1m5k8qS7grxGt2,7d,0,success,False,0,,,,,,25.880107908,25.880107908,25.880107908,25.880107908,25.880107908,0,0,0,9854.838128622956,0.2676037223225848,0,0.2676037223225848,0.15237450663438964,0,3140.9984467344348,9854.838128622956,,0.13698356556755623,11717.013211040661,0.13698356556755623,0,0,542,800,84,113,84,113,,,,,,,,,,,1787793170,"[""axiom""]",,0,False,1787793170,,,,,,,,,,,,,,
7fnq9wNj5WoMxasNcWNWS88peQjdWb1m5k8qS7grxGt2,30d,0,success,False,0,,,,,,25.880107908,25.880107908,25.880107908,25.880107908,25.880107908,0,0,0,9854.838128622956,0.15237450663438964,0,0.2676037223225848,0.15237450663438964,0,3140.9984467344348,9854.838128622956,,0.13698356556755623,11717.013211040661,0.13698356556755623,0,0,542,800,84,113,542,800,,,,,,,,,,,1787793170,"[""axiom""]",,0,False,1787793170,,,,,,,,,,,,,,
2dqe7VxbsajyPU1nVAJhgQYC2yGGEZLJJwW2yeNCq9rt,7d,0,success,False,0,,,,,,113.444579105,113.444579105,113.444579105,113.444579105,113.444579105,0,0,0,5598.542154605002,0.034581419752302466,0,0.034581419752302466,0.026466553151587337,0,4147.114551385895,5598.542154605002,,0.026466553151587333,5598.542154605002,0.026466553151587333,0,0,1434,1374,571,640,571,640,,,,,,,,,,,1787796083,[],,0,False,,,,,,,,,,,,,,,
2dqe7VxbsajyPU1nVAJhgQYC2yGGEZLJJwW2yeNCq9rt,30d,0,success,False,0,,,,,,113.444579105,113.444579105,113.444579105,113.444579105,113.444579105,0,0,0,5598.542154605002,0.026466553151587337,0,0.034581419752302466,0.026466553151587337,0,4147.114551385895,5598.542154605002,,0.026466553151587333,5598.542154605002,0.026466553151587333,0,0,1434,1374,571,640,1434,1374,,,,,,,,,,,1787796083,[],,0,False,,,,,,,,,,,,,,,
9G7Vq23iCSq2GmY94exbpzckbS4UDSPt3nTn98b72bxM,30d,0,success,False,0,,,,,,48.627259996,48.627259996,48.627259996,48.627259996,48.627259996,0,0,0,8773.694970291554,0.1260805021230385,0,0.1241771139381221,0.1260805021230385,0,2122.783870652998,8773.694970291554,,0.1270353643792032,10164.065470698048,0.1270353643792032,0,0,545,832,92,138,545,832,,,,,,,,,,,1787793170,[],,0,False,,,,,,,,,,,,,,,
9G7Vq23iCSq2GmY94exbpzckbS4UDSPt3nTn98b72bxM,7d,0,success,False,0,,,,,,48.627259996,48.627259996,48.627259996,48.627259996,48.627259996,0,0,0,8773.694970291554,0.1241771139381221,0,0.1241771139381221,0.1260805021230385,0,2122.783870652998,8773.694970291554,,0.1270353643792032,10164.065470698048,0.1270353643792032,0,0,545,832,92,138,92,138,,,,,,,,,,,1787793170,[],,0,False,,,,,,,,,,,,,,,
5qWge4zUyQenk53EhAAQ5yP4LWxuvdqJpRBZZbGd4tv9,7d,0,success,True,41235,Mystayor,Mystayor 兽 💹🧲,,https://gmgn.ai/defi/images/twitter/46c606ac84721acd2f06cf458952ff1b.jpg,Mystayor 兽 💹🧲,0.05139642,0.05139642,0.05139642,0.05139642,0.05139642,0,0,0,20192.574852805697,-0.14572845579345928,0,-0.14572845579345928,0.10091141928012674,0,-16513.27620994585,20192.574852805697,,0.006666579629164636,15266.05433294944,0.006666579629164636,0,0,709,595,358,251,358,251,,,,,,,,,,,1787793223,"[""kol""]",,41235,False,1787793223,,,46,3,0.06521739130434782,4,0.08,29,0.6304347826086957,6,0.13043478260869565,,,
5qWge4zUyQenk53EhAAQ5yP4LWxuvdqJpRBZZbGd4tv9,30d,0,success,True,41235,Mystayor,Mystayor 兽 💹🧲,,https://gmgn.ai/defi/images/twitter/46c606ac84721acd2f06cf458952ff1b.jpg,Mystayor 兽 💹🧲,0.05139642,0.05139642,0.05139642,0.05139642,0.05139642,0,0,0,20192.574852805697,0.10091141928012674,0,-0.14572845579345928,0.10091141928012674,0,-16513.27620994585,20192.574852805697,,0.006666579629164636,15266.05433294944,0.006666579629164636,0,0,709,595,358,251,709,595,,,,,,,,,,,1787793223,"[""kol""]",,41235,False,1787793223,,,183,5,0.0273224043715847,4,0.0213903743315508,77,0.4207650273224044,10,0.0546448087431694,,,
ArhaoyHT6D7PsumcAN7uPNg5cocAyEjhufs5uHnJvyuS,30d,0,success,False,0,,,,,,0.31449011,0.31449011,0.31449011,0.31449011,0.31449011,0,-905.4807029040335,-0.037285625004885345,7113.163538886339,0.384401232751793,0,-0.014956795563924763,0.384401232751793,0,-166.20229891866546,7113.163538886339,,0.384401232751793,6207.682835982305,0.3354683076859698,0,0,179,91,139,50,179,91,,,,,,,,,,,1787782334,[],,0,False,,,,,,,,,,,,,,,
ArhaoyHT6D7PsumcAN7uPNg5cocAyEjhufs5uHnJvyuS,7d,0,success,False,0,,,,,,0.31449011,0.31449011,0.31449011,0.31449011,0.31449011,0,-905.4807029040335,-0.037285625004885345,7113.163538886339,-0.014956795563924763,0,-0.014956795563924763,0.384401232751793,0,-166.20229891866546,7113.163538886339,,0.384401232751793,6207.682835982305,0.3354683076859698,0,0,179,91,139,50,139,50,,,,,,,,,,,1787782334,[],,0,False,,,,,,,,,,,,,,,
J9kq1ZG94X4ujaWeodSLK8Cv5fjQRAU27zeT5SiC74cP,7d,0,success,False,0,,,,,,7.346604511,7.346604511,7.346604511,7.346604511,7.346604511,0,0,0,4003.230391438357,-0.0011081243944370835,0,-0.0011081243944370835,0.01930141437497841,0,-46.226967763450126,4003.230391438357,,0.05070927699477797,24617.16191752081,0.05070927699477797,0,0,340,171,51,24,51,24,,,,,,,,,,,1787755803,[],,0,False,1787755803,,,5,0,0,42,0.8936170212765957,1,0.2,0,0,,,
J9kq1ZG94X4ujaWeodSLK8Cv5fjQRAU27zeT5SiC74cP,30d,0,success,False,0,,,,,,7.346604511,7.346604511,7.346604511,7.346604511,7.346604511,0,0,0,4003.230391438357,0.01930141437497841,0,-0.0011081243944370835,0.01930141437497841,0,-46.226967763450126,4003.230391438357,,0.05070927699477797,24617.16191752081,0.05070927699477797,0,0,340,171,51,24,340,171,,,,,,,,,,,1787755803,[],,0,False,1787755803,,,57,0,0,42,0.42424242424242425,3,0.05263157894736842,1,0.017543859649122806,,,
GKAyb1Jox3qzjn3EHed83x9fZM8QcVZ2gV6aYCgr7PNs,7d,0,success,False,0,,,,,,0,0,0,0,0,0,0,0,2882.609731454061,-0.014535680624579468,0,-0.014535680624579468,0.02920823285501292,0,-583.5702569868362,2882.609731454061,,0.0603706813476669,29994.948311210574,0.0603706813476669,0,0,146,96,11,9,11,9,,,,,,,,,,,1787755589,[],,0,False,,,,,,,,,,,,,,,
GKAyb1Jox3qzjn3EHed83x9fZM8QcVZ2gV6aYCgr7PNs,30d,0,success,False,0,,,,,,0,0,0,0,0,0,0,0,2882.609731454061,0.02920823285501292,0,-0.014535680624579468,0.02920823285501292,0,-583.5702569868362,2882.609731454061,,0.0603706813476669,29994.948311210574,0.0603706813476669,0,0,146,96,11,9,146,96,,,,,,,,,,,1787755589,[],,0,False,,,,,,,,,,,,,,,
HfbNikRyQP4qFEbQVUCbL5njKHC1FGPVCKCK28sznBw5,7d,0,success,False,0,,,,,,25.309620016,25.309620016,25.309620016,25.309620016,25.309620016,0,0.5428170568688047,3.357302720046674e-05,1824.4842132736155,0.058054155338924246,0,0.058054155338924246,0.10787290296439946,0,730.1399201321432,1824.4842132736155,,0.10787290296439946,1825.0270303304844,0.10790499710436352,0,0,121,266,83,168,83,168,,,,,,,,,,,1787792783,[],,0,False,,,,,,,,,,,,,,,
HfbNikRyQP4qFEbQVUCbL5njKHC1FGPVCKCK28sznBw5,30d,0,success,False,0,,,,,,25.309620016,25.309620016,25.309620016,25.309620016,25.309620016,0,0.5428170568688047,3.357302720046674e-05,1824.4842132736155,0.10787290296439946,0,0.058054155338924246,0.10787290296439946,0,730.1399201321432,1824.4842132736155,,0.10787290296439946,1825.0270303304844,0.10790499710436352,0,0,121,266,83,168,121,266,,,,,,,,,,,1787792783,[],,0,False,,,,,,,,,,,,,,,
9iFgPXwrU6GToh3VW9TN1QG7QecYhJJXb4RLSHzpEoLb,30d,0,success,False,0,,,,,,55.381733115,55.381733115,55.381733115,55.381733115,55.381733115,0,0,0,26895.93681701963,0,0,0,0,0,12531.667022595178,26895.93681701963,,0.07816762092965604,75105.44910144646,0.07816762092965604,0,0,144,345,42,79,144,345,,,,,,,,,,,1787794747,"[""axiom""]",,0,False,1787794747,,,137,0,0,15,0.09868421052631579,0,0,3,0.021897810218978103,,,
9iFgPXwrU6GToh3VW9TN1QG7QecYhJJXb4RLSHzpEoLb,7d,0,success,False,0,,,,,,55.381733115,55.381733115,55.381733115,55.381733115,55.381733115,0,0,0,26895.93681701963,0,0,0,0,0,12531.667022595178,26895.93681701963,,0.07816762092965604,75105.44910144646,0.07816762092965604,0,0,144,345,42,79,42,79,,,,,,,,,,,1787794747,"[""axiom""]",,0,False,1787794747,,,43,0,0,15,0.25862068965517243,0,0,1,0.023255813953488372,,,
FN5bhcBfv7sCtBMPHabu9H7JH8MwdbqfEdPieGMAJ25N,7d,0,success,False,0,,,,,,46.593994217,46.593994217,46.593994217,46.593994217,46.593994217,0,0,0,5583.2990552006795,0.6285666914509713,0,0.6285666914509713,0.9813396732706301,0,1522.9920470690445,5583.2990552006795,,0.28596064037232,8297.467494222055,0.28596064037232,0,0,96,107,44,40,44,40,,,,,,,,,,,1787794756,"[""axiom""]",,0,False,1787794756,,,11,0,0,0,0,0,0,2,0.18181818181818182,,,
FN5bhcBfv7sCtBMPHabu9H7JH8MwdbqfEdPieGMAJ25N,30d,0,success,False,0,,,,,,46.593994217,46.593994217,46.593994217,46.593994217,46.593994217,0,0,0,5583.2990552006795,0.9813396732706301,0,0.6285666914509713,0.9813396732706301,0,1522.9920470690445,5583.2990552006795,,0.28596064037232,8297.467494222055,0.28596064037232,0,0,96,107,44,40,96,107,,,,,,,,,,,1787794756,"[""axiom""]",,0,False,1787794756,,,13,0,0,0,0,1,0.07692307692307693,3,0.23076923076923078,,,
Cip99wg8DAMCRkk4eXLkv1jxmagwQ6Tuj8w1JGDQdY6y,7d,0,success,False,0,,,,,,100.634981087,100.634981087,100.634981087,100.634981087,100.634981087,0,0,0,12299.006428743447,0.5539196225791815,0,0.5539196225791815,0.7303334420131908,0,3870.927970288617,12299.006428743447,,0.20368261392318776,46014.4993923828,0.20368261392318776,0,0,194,286,83,101,83,101,,,,,,,,,,,1787794756,"[""axiom""]",,0,False,1787794756,,,11,0,0,3,0.21428571428571427,0,0,0,0,,,
Cip99wg8DAMCRkk4eXLkv1jxmagwQ6Tuj8w1JGDQdY6y,30d,0,success,False,0,,,,,,100.634981087,100.634981087,100.634981087,100.634981087,100.634981087,0,0,0,12299.006428743447,0.7303334420131908,0,0.5539196225791815,0.7303334420131908,0,3870.927970288617,12299.006428743447,,0.20368261392318776,46014.4993923828,0.20368261392318776,0,0,194,286,83,101,194,286,,,,,,,,,,,1787794756,"[""axiom""]",,0,False,1787794756,,,96,0,0,3,0.030303030303030304,2,0.020833333333333332,16,0.16666666666666666,,,
Bzzy8fSPnhWNMb8Rc3SkJGWoDMf9rs934bDRMRZPmCYT,7d,0,success,False,0,,,,,,599.75002412,599.75002412,599.75002412,599.75002412,599.75002412,0,0,0,67028.53992181162,0.21365520627977627,0,0.21365520627977627,0.2988111689773121,0,13019.558107571396,67028.53992181162,,0.24217913053505463,78937.16236671769,0.24217913053505463,0,0,911,1475,185,304,185,304,,,,,,,,,,,1787794747,"[""axiom""]",,0,False,1787794747,,,,,,,,,,,,,,
Bzzy8fSPnhWNMb8Rc3SkJGWoDMf9rs934bDRMRZPmCYT,30d,0,success,False,0,,,,,,599.75002412,599.75002412,599.75002412,599.75002412,599.75002412,0,0,0,67028.53992181162,0.2988111689773121,0,0.21365520627977627,0.2988111689773121,0,13019.558107571396,67028.53992181162,,0.24217913053505463,78937.16236671769,0.24217913053505463,0,0,911,1475,185,304,911,1475,,,,,,,,,,,1787794747,"[""axiom""]",,0,False,1787794747,,,,,,,,,,,,,,
CXNC1TTiF7Z3o1pFr9yH1spZLeWygQ5gPXgCt7Rz6trb,30d,0,success,False,0,,,,,,36.192380232,36.192380232,36.192380232,36.192380232,36.192380232,0,0,0,6855.906377058464,0.7543219790518321,0,0.8696668176781798,0.7543219790518321,0,2601.57725763204,6855.906377058464,,0.36028942531755326,51842.63666517598,0.36028942531755326,0,0,128,216,43,76,128,216,,,,,,,,,,,1787794747,"[""axiom"", ""photon""]",,0,False,1787794747,,,0,0,0,20,1,0,0,0,0,,,
CXNC1TTiF7Z3o1pFr9yH1spZLeWygQ5gPXgCt7Rz6trb,7d,0,success,False,0,,,,,,36.192380232,36.192380232,36.192380232,36.192380232,36.192380232,0,0,0,6855.906377058464,0.8696668176781798,0,0.8696668176781798,0.7543219790518321,0,2601.57725763204,6855.906377058464,,0.36028942531755326,51842.63666517598,0.36028942531755326,0,0,128,216,43,76,43,76,,,,,,,,,,,1787794747,"[""axiom"", ""photon""]",,0,False,1787794747,,,0,0,0,20,1,0,0,0,0,,,
6dtUFfjQfQ35tkwGRMs3NFsF9sYn3mRV4UtGaC4uBh8J,7d,0,success,False,0,,,,,,729.929043829,729.929043829,729.929043829,729.929043829,729.929043829,0,0,0,74046.89929694534,0.9577454008656956,0,0.9577454008656956,0.5410690513988176,0,38525.952152658996,74046.89929694534,,0.37526612873961834,78977.04233870398,0.37526612873961834,0,0,1588,1706,466,499,466,499,,,,,,,,,,,1787795303,"[""axiom""]",,0,False,,,,,,,,,,,,,,,
6dtUFfjQfQ35tkwGRMs3NFsF9sYn3mRV4UtGaC4uBh8J,30d,0,success,False,0,,,,,,729.929043829,729.929043829,729.929043829,729.929043829,729.929043829,0,0,0,74046.89929694534,0.5410690513988176,0,0.9577454008656956,0.5410690513988176,0,38525.952152658996,74046.89929694534,,0.37526612873961834,78977.04233870398,0.37526612873961834,0,0,1588,1706,466,499,1588,1706,,,,,,,,,,,1787795303,"[""axiom""]",,0,False,,,,,,,,,,,,,,,
FHgfsbUcqdd9iXY75yN2KErCnVsxNYwo486nYzFuTVc8,30d,0,success,False,0,,,,,,837.92298233,837.92298233,837.92298233,837.92298233,837.92298233,0,0,0,70527.24288983089,0.46602120889132304,0,0.8365129610253301,0.46602120889132304,0,43041.78810031244,70527.24288983089,,0.34079138963099465,74420.09480584017,0.34079138963099465,0,0,1590,1753,469,521,1590,1753,,,,,,,,,,,1787795303,"[""axiom""]",,0,False,1787795303,,,,,,,,,,,,,,
FHgfsbUcqdd9iXY75yN2KErCnVsxNYwo486nYzFuTVc8,7d,0,success,False,0,,,,,,837.92298233,837.92298233,837.92298233,837.92298233,837.92298233,0,0,0,70527.24288983089,0.8365129610253301,0,0.8365129610253301,0.46602120889132304,0,43041.78810031244,70527.24288983089,,0.34079138963099465,74420.09480584017,0.34079138963099465,0,0,1590,1753,469,521,469,521,,,,,,,,,,,1787795303,"[""axiom""]",,0,False,1787795303,,,,,,,,,,,,,,
3VjkDRH1M9mZ9gNfHWzTmSvydJ6CwXamsN74rndZrrpk,7d,0,success,False,0,,,,,,647.330687075,647.330687075,647.330687075,647.330687075,647.330687075,0,0,0,66076.3559080814,0.6808329390966825,0,0.6808329390966825,0.46759153591830344,0,30428.497143870958,66076.3559080814,,0.3222517216598115,71425.44783607854,0.3222517216598115,0,0,1589,1689,467,508,467,508,,,,,,,,,,,1787795303,"[""axiom""]",,0,False,1787795303,,,,,,,,,,,,,,
3VjkDRH1M9mZ9gNfHWzTmSvydJ6CwXamsN74rndZrrpk,30d,0,success,False,0,,,,,,647.330687075,647.330687075,647.330687075,647.330687075,647.330687075,0,0,0,66076.3559080814,0.46759153591830344,0,0.6808329390966825,0.46759153591830344,0,30428.497143870958,66076.3559080814,,0.3222517216598115,71425.44783607854,0.3222517216598115,0,0,1589,1689,467,508,1589,1689,,,,,,,,,,,1787795303,"[""axiom""]",,0,False,1787795303,,,,,,,,,,,,,,
9H8xpLFE9p7kHDJG3S2JLqigy1VuvuohgFfECnVJtUBj,30d,0,success,False,0,,,,,,668.616769548,668.616769548,668.616769548,668.616769548,668.616769548,0,0,0,64126.65148299723,0.4526275299057974,0,0.6754423736268813,0.4526275299057974,0,29792.35363458265,64126.65148299723,,0.30517114555272096,68349.69314540013,0.30517114555272096,0,0,1589,1699,471,498,1589,1699,,,,,,,,,,,1787795303,"[""axiom""]",,0,False,,,,,,,,,,,,,,,
9H8xpLFE9p7kHDJG3S2JLqigy1VuvuohgFfECnVJtUBj,7d,0,success,False,0,,,,,,668.616769548,668.616769548,668.616769548,668.616769548,668.616769548,0,0,0,64126.65148299723,0.6754423736268813,0,0.6754423736268813,0.4526275299057974,0,29792.35363458265,64126.65148299723,,0.30517114555272096,68349.69314540013,0.30517114555272096,0,0,1589,1699,471,498,471,498,,,,,,,,,,,1787795303,"[""axiom""]",,0,False,,,,,,,,,,,,,,,
F5CymCUo7E2MQGxfYFxBSTk6PaBbQyqMporpPdu6iWF9,7d,0,success,False,0,,,,,,709.476285602,709.476285602,709.476285602,709.476285602,709.476285602,0,0,0,63298.34730156608,0.29253742218473167,0,0.29253742218473167,0.39869305318028136,0,17076.833808610605,63298.34730156608,,0.2788057493524359,67124.11138943711,0.2788057493524359,0,0,1610,1673,478,489,478,489,,,,,,,,,,,1787795303,"[""axiom""]",,0,False,1787795303,,,,,,,,,,,,,,
F5CymCUo7E2MQGxfYFxBSTk6PaBbQyqMporpPdu6iWF9,30d,0,success,False,0,,,,,,709.476285602,709.476285602,709.476285602,709.476285602,709.476285602,0,0,0,63298.34730156608,0.39869305318028136,0,0.29253742218473167,0.39869305318028136,0,17076.833808610605,63298.34730156608,,0.2788057493524359,67124.11138943711,0.2788057493524359,0,0,1610,1673,478,489,1610,1673,,,,,,,,,,,1787795303,"[""axiom""]",,0,False,1787795303,,,,,,,,,,,,,,
3tgpbmw99da6WFPfPh7uRPMLpEhSjuj8JMRXrPD2wiYA,7d,0,success,False,0,,,,,,553.775422845,553.775422845,553.775422845,553.775422845,553.775422845,0,0,0,53892.26959751788,0.6182852140260655,0,0.6182852140260655,0.38542668054814555,0,27028.457689271734,53892.26959751788,,0.28547289116431707,60605.1417372106,0.28547289116431707,0,0,1593,1738,470,502,470,502,,,,,,,,,,,1787795303,"[""axiom""]",,0,False,,,,,,,,,,,,,,,
3tgpbmw99da6WFPfPh7uRPMLpEhSjuj8JMRXrPD2wiYA,30d,0,success,False,0,,,,,,553.775422845,553.775422845,553.775422845,553.775422845,553.775422845,0,0,0,53892.26959751788,0.38542668054814555,0,0.6182852140260655,0.38542668054814555,0,27028.457689271734,53892.26959751788,,0.28547289116431707,60605.1417372106,0.28547289116431707,0,0,1593,1738,470,502,1593,1738,,,,,,,,,,,1787795303,"[""axiom""]",,0,False,,,,,,,,,,,,,,,
